application_id,payment_id,invoice_id,vendor_id,applied_amount,discount_taken,applied_date
APP0000001,PAY000001,INV000118,V0001,14323.71,292.32,2022-03-22
APP0000002,PAY000002,INV000251,V0001,69893.63,1426.40,2022-05-24
APP0000003,PAY000003,INV000818,V0001,141134.84,2880.30,2022-11-08
APP0000004,PAY000003,INV000979,V0001,38732.18,790.45,2022-11-08
APP0000005,PAY000004,INV000581,V0001,192275.98,3924.00,2024-01-30
APP0000006,PAY000005,INV000247,V0001,138244.30,2821.31,2024-10-01
APP0000007,PAY000006,INV000245,V0001,113239.08,2311.00,2024-10-22
APP0000008,PAY000007,INV001752,V0001,188261.35,3842.07,2024-11-07
APP0000009,PAY000008,INV001555,V0001,29478.04,601.59,2025-01-16
APP0000010,PAY000009,INV000901,V0001,58688.85,1197.73,2025-03-11
APP0000011,PAY000010,INV001537,V0001,21996.57,448.91,2025-04-24
APP0000012,PAY000011,INV001166,V0001,27353.90,558.24,2025-06-17
APP0000013,PAY000012,INV001797,V0003,3390.72,0.00,2022-09-06
APP0000014,PAY000013,INV000605,V0003,12790.91,0.00,2023-02-02
APP0000015,PAY000014,INV000937,V0003,2302.10,0.00,2023-06-29
APP0000016,PAY000015,INV001480,V0003,4249.29,0.00,2023-11-21
APP0000017,PAY000016,INV000935,V0003,6637.48,0.00,2023-12-14
APP0000018,PAY000017,INV000827,V0003,25000.00,0.00,2023-12-19
APP0000019,PAY000018,INV000707,V0003,847.47,0.00,2024-12-17
APP0000020,PAY000019,INV001380,V0004,353.40,0.00,2022-06-21
APP0000021,PAY000020,INV001723,V0005,9888.10,0.00,2022-08-30
APP0000022,PAY000021,INV000914,V0005,10470.49,0.00,2022-10-04
APP0000023,PAY000022,INV001484,V0005,3102.52,0.00,2022-12-15
APP0000024,PAY000023,INV000910,V0005,2922.53,0.00,2023-01-10
APP0000025,PAY000024,INV001645,V0005,10519.29,0.00,2024-03-19
APP0000026,PAY000025,INV000414,V0005,25000.00,0.00,2024-05-28
APP0000027,PAY000026,INV001247,V0005,7903.27,0.00,2025-02-11
APP0000028,PAY000027,INV001963,V0005,7645.36,0.00,2025-03-27
APP0000029,PAY000028,INV000943,V0006,12979.28,0.00,2022-11-17
APP0000030,PAY000029,INV001875,V0006,12608.13,0.00,2023-11-28
APP0000031,PAY000030,INV001738,V0006,13551.61,0.00,2024-05-16
APP0000032,PAY000031,INV000108,V0006,4374.84,0.00,2024-07-30
APP0000033,PAY000032,INV000949,V0006,94324.89,0.00,2024-11-05
APP0000034,PAY000033,INV001957,V0006,27305.82,0.00,2025-02-18
APP0000035,PAY000034,INV000493,V0006,31856.93,0.00,2025-03-11
APP0000036,PAY000035,INV000330,V0006,55636.88,0.00,2025-05-06
APP0000037,PAY000036,INV001851,V0006,148161.21,0.00,2025-06-10
APP0000038,PAY000037,INV000153,V0007,1164.66,0.00,2022-07-19
APP0000039,PAY000038,INV000510,V0007,334.88,0.00,2023-04-06
APP0000040,PAY000039,INV001530,V0007,2590.15,0.00,2023-08-22
APP0000041,PAY000040,INV001951,V0007,400.38,0.00,2023-09-07
APP0000042,PAY000041,INV001469,V0007,5000.00,0.00,2024-06-25
APP0000043,PAY000042,INV001031,V0007,913.68,0.00,2024-08-20
APP0000044,PAY000043,INV000413,V0007,745.01,0.00,2024-10-22
APP0000045,PAY000044,INV001072,V0007,1277.88,0.00,2025-04-01
APP0000046,PAY000045,INV000689,V0008,11368.23,0.00,2022-10-11
APP0000047,PAY000046,INV001019,V0008,2520.49,0.00,2022-12-20
APP0000048,PAY000046,INV001283,V0008,1037.80,0.00,2022-12-20
APP0000049,PAY000047,INV001308,V0008,3428.99,0.00,2023-01-03
APP0000050,PAY000048,INV001385,V0008,25000.00,0.00,2023-06-22
APP0000051,PAY000049,INV000974,V0008,1134.04,0.00,2024-06-11
APP0000052,PAY000050,INV001936,V0009,14199.49,0.00,2022-04-26
APP0000053,PAY000051,INV001987,V0009,1730.22,0.00,2022-08-02
APP0000054,PAY000052,INV001924,V0009,8281.39,0.00,2023-10-12
APP0000055,PAY000053,INV000254,V0009,10431.35,0.00,2023-11-21
APP0000056,PAY000054,INV001461,V0009,2248.45,0.00,2024-04-23
APP0000057,PAY000055,INV000066,V0010,16423.10,0.00,2022-12-01
APP0000058,PAY000056,INV001395,V0010,134847.53,0.00,2023-07-04
APP0000059,PAY000057,INV000864,V0010,40374.57,0.00,2024-02-29
APP0000060,PAY000058,INV001147,V0010,55060.54,0.00,2024-07-02
APP0000061,PAY000058,INV001930,V0010,8564.40,0.00,2024-07-02
APP0000062,PAY000059,INV000594,V0010,934.53,0.00,2025-01-14
APP0000063,PAY000060,INV000369,V0010,8839.76,0.00,2025-04-17
APP0000064,PAY000061,INV000419,V0010,50445.79,0.00,2025-06-23
APP0000065,PAY000061,INV000486,V0010,17400.48,0.00,2025-06-23
APP0000066,PAY000062,INV000082,V0011,39781.32,0.00,2022-07-14
APP0000067,PAY000063,INV000443,V0011,130828.91,0.00,2022-10-18
APP0000068,PAY000064,INV001945,V0011,70886.02,0.00,2022-11-08
APP0000069,PAY000065,INV001931,V0011,41263.42,0.00,2023-02-16
APP0000070,PAY000066,INV000351,V0011,250000.00,0.00,2023-08-10
APP0000071,PAY000067,INV000303,V0011,117659.28,0.00,2023-11-21
APP0000072,PAY000068,INV001207,V0011,116451.41,0.00,2024-05-02
APP0000073,PAY000069,INV001005,V0011,21044.42,0.00,2024-05-14
APP0000074,PAY000070,INV001613,V0011,81761.26,0.00,2025-01-14
APP0000075,PAY000071,INV001577,V0013,52254.19,0.00,2023-05-30
APP0000076,PAY000072,INV001498,V0013,54896.64,0.00,2023-07-11
APP0000077,PAY000073,INV001085,V0013,42913.87,0.00,2024-09-24
APP0000078,PAY000074,INV000447,V0013,14765.43,0.00,2025-04-08
APP0000079,PAY000075,INV000513,V0013,33582.36,0.00,2025-06-10
APP0000080,PAY000076,INV000684,V0014,33083.29,0.00,2022-05-10
APP0000081,PAY000077,INV001039,V0014,64035.68,0.00,2022-05-24
APP0000082,PAY000078,INV001508,V0014,38970.97,0.00,2022-11-24
APP0000083,PAY000079,INV001563,V0014,44858.59,0.00,2023-01-10
APP0000084,PAY000080,INV001694,V0014,111750.98,0.00,2024-01-09
APP0000085,PAY000081,INV000529,V0014,31877.86,0.00,2024-08-08
APP0000086,PAY000082,INV001652,V0014,28337.18,0.00,2024-12-24
APP0000087,PAY000083,INV001919,V0014,11091.62,0.00,2025-06-23
APP0000088,PAY000084,INV001705,V0015,1600.77,0.00,2022-06-07
APP0000089,PAY000085,INV000297,V0015,84067.60,0.00,2023-11-14
APP0000090,PAY000086,INV001056,V0015,4699.90,0.00,2023-11-28
APP0000091,PAY000087,INV000915,V0015,165461.72,0.00,2024-10-03
APP0000092,PAY000088,INV000988,V0015,21994.97,0.00,2025-05-20
APP0000093,PAY000089,INV001377,V0015,47796.10,0.00,2025-06-24
APP0000094,PAY000090,INV000573,V0016,85292.66,0.00,2024-07-16
APP0000095,PAY000091,INV001859,V0017,5110.12,104.29,2022-09-06
APP0000096,PAY000092,INV000021,V0017,33109.76,675.71,2022-09-13
APP0000097,PAY000093,INV000110,V0017,20715.85,422.77,2023-09-26
APP0000098,PAY000094,INV000831,V0017,4355.07,88.88,2024-01-02
APP0000099,PAY000095,INV001284,V0017,84330.91,1721.04,2024-04-09
APP0000100,PAY000096,INV000617,V0018,1945.70,0.00,2022-06-28
APP0000101,PAY000097,INV000335,V0018,1289.39,0.00,2023-06-29
APP0000102,PAY000098,INV001038,V0018,1378.38,0.00,2024-03-19
APP0000103,PAY000099,INV000005,V0018,957.48,0.00,2024-04-09
APP0000104,PAY000100,INV000187,V0018,1456.98,0.00,2024-11-19
APP0000105,PAY000101,INV000454,V0018,908.70,0.00,2024-12-17
APP0000106,PAY000102,INV001095,V0018,2446.80,0.00,2025-01-09
APP0000107,PAY000103,INV001271,V0019,14012.32,0.00,2023-02-16
APP0000108,PAY000104,INV000016,V0019,33393.75,0.00,2023-03-23
APP0000109,PAY000105,INV000708,V0019,83715.42,0.00,2023-09-12
APP0000110,PAY000106,INV001481,V0019,70095.03,0.00,2024-01-11
APP0000111,PAY000107,INV001431,V0019,165413.85,0.00,2024-04-23
APP0000112,PAY000108,INV001370,V0019,102234.37,0.00,2025-02-18
APP0000113,PAY000109,INV001490,V0020,2019.43,0.00,2022-03-15
APP0000114,PAY000110,INV001619,V0020,8068.65,0.00,2022-07-12
APP0000115,PAY000111,INV001010,V0020,122959.61,0.00,2022-12-22
APP0000116,PAY000112,INV000411,V0020,68114.67,0.00,2023-03-16
APP0000117,PAY000113,INV001302,V0020,77914.13,0.00,2023-09-14
APP0000118,PAY000114,INV000900,V0020,49155.41,0.00,2023-12-28
APP0000119,PAY000115,INV001891,V0020,23620.74,0.00,2024-05-23
APP0000120,PAY000116,INV000632,V0020,32370.13,0.00,2024-12-03
APP0000121,PAY000117,INV000823,V0020,94212.51,0.00,2025-02-11
APP0000122,PAY000118,INV001044,V0020,156574.18,0.00,2025-06-24
APP0000123,PAY000119,INV001097,V0021,2669.77,0.00,2022-04-19
APP0000124,PAY000120,INV000062,V0021,16848.20,0.00,2023-06-06
APP0000125,PAY000121,INV001130,V0021,1171.83,0.00,2023-06-13
APP0000126,PAY000122,INV000281,V0021,2010.54,0.00,2023-09-28
APP0000127,PAY000123,INV001378,V0021,13434.83,0.00,2024-02-29
APP0000128,PAY000124,INV000648,V0021,16211.32,0.00,2024-07-02
APP0000129,PAY000125,INV001231,V0021,9005.69,0.00,2024-10-08
APP0000130,PAY000126,INV001108,V0021,4868.37,0.00,2024-12-12
APP0000131,PAY000127,INV000659,V0021,5423.16,0.00,2025-04-03
APP0000132,PAY000128,INV000569,V0021,582.92,0.00,2025-05-20
APP0000133,PAY000129,INV000734,V0022,1291.87,0.00,2022-02-15
APP0000134,PAY000130,INV001916,V0022,1806.50,0.00,2022-11-29
APP0000135,PAY000131,INV001291,V0022,150.22,0.00,2023-06-22
APP0000136,PAY000132,INV001960,V0022,417.21,0.00,2023-10-10
APP0000137,PAY000133,INV000504,V0022,349.27,0.00,2023-11-07
APP0000138,PAY000134,INV001937,V0022,2778.23,0.00,2024-05-21
APP0000139,PAY000135,INV001841,V0022,241.34,0.00,2024-12-31
APP0000140,PAY000136,INV001953,V0022,1747.32,0.00,2025-04-15
APP0000141,PAY000137,INV000043,V0023,4803.91,48.52,2023-01-10
APP0000142,PAY000138,INV000065,V0023,129266.18,1305.72,2023-10-26
APP0000143,PAY000139,INV001059,V0023,5192.59,52.45,2024-02-27
APP0000144,PAY000140,INV000489,V0023,36479.09,368.48,2024-12-10
APP0000145,PAY000141,INV001928,V0023,17053.49,172.26,2025-04-03
APP0000146,PAY000142,INV001976,V0024,135805.51,0.00,2022-01-25
APP0000147,PAY000143,INV000506,V0024,45114.43,0.00,2022-07-26
APP0000148,PAY000144,INV000165,V0024,130009.68,0.00,2022-12-20
APP0000149,PAY000145,INV000682,V0024,39631.48,0.00,2023-01-10
APP0000150,PAY000146,INV000985,V0024,4719.11,0.00,2023-10-26
APP0000151,PAY000147,INV001033,V0024,14505.93,0.00,2024-04-16
APP0000152,PAY000148,INV000970,V0024,116296.20,0.00,2024-07-16
APP0000153,PAY000149,INV000427,V0024,110007.35,0.00,2024-10-08
APP0000154,PAY000150,INV001605,V0024,46552.98,0.00,2025-05-06
APP0000155,PAY000151,INV000294,V0027,479.50,0.00,2022-08-16
APP0000156,PAY000152,INV001340,V0027,138.64,0.00,2022-11-01
APP0000157,PAY000153,INV001401,V0027,174.91,0.00,2023-05-23
APP0000158,PAY000154,INV001015,V0027,260.28,0.00,2024-04-30
APP0000159,PAY000155,INV000202,V0027,1070.65,0.00,2024-10-08
APP0000160,PAY000156,INV001818,V0027,762.83,0.00,2025-03-27
APP0000161,PAY000157,INV000952,V0028,39889.10,402.92,2022-03-10
APP0000162,PAY000158,INV001685,V0028,7077.32,71.49,2023-02-02
APP0000163,PAY000159,INV001191,V0028,18156.21,183.40,2023-04-04
APP0000164,PAY000160,INV001305,V0028,94359.55,953.13,2024-11-26
APP0000165,PAY000161,INV000132,V0029,24022.45,0.00,2022-06-07
APP0000166,PAY000162,INV001012,V0029,48985.73,0.00,2023-04-11
APP0000167,PAY000163,INV001208,V0029,6080.66,0.00,2023-04-18
APP0000168,PAY000164,INV000104,V0029,72572.89,0.00,2024-05-21
APP0000169,PAY000165,INV001069,V0029,8134.90,0.00,2024-08-27
APP0000170,PAY000166,INV000299,V0029,90923.33,0.00,2024-09-12
APP0000171,PAY000167,INV000221,V0029,145481.51,0.00,2024-11-05
APP0000172,PAY000168,INV001546,V0029,31983.86,0.00,2025-02-18
APP0000173,PAY000169,INV001023,V0029,12708.26,0.00,2025-06-23
APP0000174,PAY000169,INV001511,V0029,22616.16,0.00,2025-06-23
APP0000175,PAY000170,INV000699,V0030,788.68,0.00,2023-11-02
APP0000176,PAY000171,INV000485,V0031,124486.38,0.00,2022-03-08
APP0000177,PAY000172,INV001008,V0031,12560.08,0.00,2023-03-14
APP0000178,PAY000173,INV000464,V0031,7753.48,0.00,2023-03-23
APP0000179,PAY000174,INV000216,V0031,45094.03,0.00,2024-02-08
APP0000180,PAY000175,INV000291,V0031,13174.10,0.00,2024-03-19
APP0000181,PAY000176,INV001658,V0031,28469.37,0.00,2024-08-08
APP0000182,PAY000177,INV001392,V0032,5490.59,0.00,2023-05-23
APP0000183,PAY000178,INV001593,V0032,9928.85,0.00,2024-03-19
APP0000184,PAY000179,INV001075,V0032,3363.30,0.00,2024-07-16
APP0000185,PAY000180,INV001013,V0032,7207.82,0.00,2025-06-23
APP0000186,PAY000180,INV001326,V0032,2474.71,0.00,2025-06-23
APP0000187,PAY000181,INV001699,V0033,27826.08,0.00,2023-06-06
APP0000188,PAY000182,INV000515,V0033,40438.29,0.00,2024-01-16
APP0000189,PAY000183,INV000339,V0033,64710.38,0.00,2024-03-26
APP0000190,PAY000184,INV000756,V0033,34543.07,0.00,2024-04-30
APP0000191,PAY000185,INV000469,V0033,69068.46,0.00,2025-03-11
APP0000192,PAY000186,INV000484,V0033,63308.91,0.00,2025-05-06
APP0000193,PAY000187,INV001253,V0034,250000.00,0.00,2023-02-14
APP0000194,PAY000188,INV001992,V0034,52300.18,0.00,2023-06-13
APP0000195,PAY000189,INV001399,V0034,21503.45,0.00,2023-07-25
APP0000196,PAY000190,INV000377,V0034,65025.38,0.00,2023-08-22
APP0000197,PAY000191,INV000763,V0034,3245.66,0.00,2024-03-26
APP0000198,PAY000192,INV001448,V0034,52891.01,0.00,2024-04-04
APP0000199,PAY000193,INV001707,V0034,21870.30,0.00,2024-05-28
APP0000200,PAY000194,INV000272,V0034,125529.52,0.00,2024-06-11
APP0000201,PAY000195,INV000884,V0034,96615.56,0.00,2024-11-12
APP0000202,PAY000196,INV000903,V0035,14128.82,0.00,2022-07-05
APP0000203,PAY000197,INV000730,V0035,59849.88,0.00,2022-08-02
APP0000204,PAY000198,INV001861,V0035,73123.47,0.00,2023-03-16
APP0000205,PAY000199,INV001640,V0035,2195.06,0.00,2023-03-28
APP0000206,PAY000200,INV001176,V0035,95219.83,0.00,2023-05-30
APP0000207,PAY000201,INV001922,V0035,161697.85,0.00,2023-09-21
APP0000208,PAY000202,INV001926,V0035,4276.61,0.00,2024-01-23
APP0000209,PAY000203,INV001476,V0035,3177.44,0.00,2025-03-18
APP0000210,PAY000204,INV000130,V0035,106210.83,0.00,2025-06-10
APP0000211,PAY000205,INV000180,V0036,2183.07,0.00,2022-03-15
APP0000212,PAY000206,INV000888,V0036,86319.68,0.00,2022-09-01
APP0000213,PAY000207,INV000693,V0036,29692.92,0.00,2022-10-20
APP0000214,PAY000208,INV001152,V0037,105108.09,1061.70,2022-12-08
APP0000215,PAY000209,INV000656,V0037,25864.68,261.26,2022-12-13
APP0000216,PAY000210,INV000758,V0037,47020.36,474.95,2023-04-11
APP0000217,PAY000211,INV000983,V0037,107357.18,1084.42,2023-12-26
APP0000218,PAY000212,INV000779,V0037,56157.38,567.25,2024-10-29
APP0000219,PAY000213,INV001348,V0037,82798.75,836.35,2025-06-23
APP0000220,PAY000214,INV001474,V0039,142969.74,0.00,2022-01-18
APP0000221,PAY000215,INV001689,V0039,60431.52,0.00,2022-03-17
APP0000222,PAY000216,INV001703,V0039,88591.08,0.00,2022-12-20
APP0000223,PAY000217,INV000061,V0039,44455.69,0.00,2023-05-02
APP0000224,PAY000218,INV001817,V0039,5585.08,0.00,2023-10-10
APP0000225,PAY000219,INV000691,V0042,535.85,0.00,2022-05-10
APP0000226,PAY000220,INV000378,V0042,60.48,0.00,2023-01-24
APP0000227,PAY000221,INV001675,V0042,483.74,0.00,2023-02-21
APP0000228,PAY000222,INV001312,V0042,450.36,0.00,2023-07-11
APP0000229,PAY000223,INV000355,V0042,654.57,0.00,2023-08-31
APP0000230,PAY000224,INV001842,V0042,105.37,0.00,2023-10-03
APP0000231,PAY000225,INV000311,V0042,1465.99,0.00,2023-10-10
APP0000232,PAY000226,INV000213,V0042,131.40,0.00,2024-03-12
APP0000233,PAY000227,INV001119,V0042,375.45,0.00,2025-04-17
APP0000234,PAY000228,INV001073,V0042,180.42,0.00,2025-06-23
APP0000235,PAY000228,INV001918,V0042,227.67,0.00,2025-06-23
APP0000236,PAY000229,INV001423,V0043,3541.48,0.00,2022-07-26
APP0000237,PAY000230,INV001864,V0043,77099.87,0.00,2024-06-04
APP0000238,PAY000231,INV001131,V0043,243.83,0.00,2024-10-22
APP0000239,PAY000232,INV000302,V0043,119614.18,0.00,2025-06-23
APP0000240,PAY000233,INV000752,V0044,2000.00,0.00,2022-03-29
APP0000241,PAY000234,INV000585,V0044,1422.54,0.00,2022-06-14
APP0000242,PAY000235,INV001830,V0044,214.03,0.00,2023-01-10
APP0000243,PAY000236,INV000995,V0044,552.77,0.00,2023-03-28
APP0000244,PAY000237,INV000071,V0044,995.79,0.00,2023-05-16
APP0000245,PAY000238,INV001248,V0044,1242.22,0.00,2023-07-13
APP0000246,PAY000239,INV000578,V0044,1766.50,0.00,2023-09-05
APP0000247,PAY000240,INV001509,V0044,2000.00,0.00,2023-09-12
APP0000248,PAY000241,INV000696,V0044,535.33,0.00,2025-02-04
APP0000249,PAY000242,INV001477,V0045,65406.64,0.00,2024-09-24
APP0000250,PAY000243,INV000176,V0046,19515.51,0.00,2023-02-07
APP0000251,PAY000244,INV000204,V0046,1856.53,0.00,2023-02-28
APP0000252,PAY000245,INV001616,V0046,6030.68,0.00,2023-04-11
APP0000253,PAY000246,INV000608,V0046,1232.74,0.00,2024-05-14
APP0000254,PAY000247,INV001708,V0046,6063.42,0.00,2024-10-29
APP0000255,PAY000248,INV000261,V0047,28930.04,0.00,2022-09-20
APP0000256,PAY000249,INV000152,V0047,20095.65,0.00,2023-04-18
APP0000257,PAY000250,INV000614,V0047,50391.13,0.00,2023-10-03
APP0000258,PAY000251,INV000965,V0047,61936.54,0.00,2023-12-14
APP0000259,PAY000252,INV000408,V0047,71748.85,0.00,2024-02-06
APP0000260,PAY000252,INV000597,V0047,11311.58,0.00,2024-02-06
APP0000261,PAY000253,INV001214,V0047,38464.93,0.00,2024-06-27
APP0000262,PAY000254,INV000179,V0047,22802.74,0.00,2025-06-10
APP0000263,PAY000255,INV001043,V0048,1270.90,0.00,2023-01-03
APP0000264,PAY000256,INV001222,V0048,929.70,0.00,2023-03-07
APP0000265,PAY000257,INV000417,V0048,1444.43,0.00,2023-05-30
APP0000266,PAY000258,INV000807,V0048,82907.66,0.00,2024-02-22
APP0000267,PAY000259,INV000185,V0048,139393.73,0.00,2024-04-30
APP0000268,PAY000260,INV001237,V0048,190158.87,0.00,2024-06-06
APP0000269,PAY000261,INV001210,V0048,85786.69,0.00,2025-02-25
APP0000270,PAY000262,INV000298,V0048,5792.59,0.00,2025-04-22
APP0000271,PAY000263,INV000460,V0049,157.98,0.00,2023-08-22
APP0000272,PAY000264,INV000074,V0049,1208.27,0.00,2024-01-09
APP0000273,PAY000265,INV000706,V0049,153.96,0.00,2025-02-06
APP0000274,PAY000266,INV000705,V0049,200.78,0.00,2025-06-17
APP0000275,PAY000267,INV001341,V0049,199.50,0.00,2025-06-23
APP0000276,PAY000268,INV001557,V0050,3429.64,0.00,2022-08-09
APP0000277,PAY000269,INV001535,V0050,10661.60,0.00,2023-03-28
APP0000278,PAY000270,INV001106,V0050,8048.90,0.00,2023-05-16
APP0000279,PAY000271,INV001748,V0050,5799.80,0.00,2023-09-19
APP0000280,PAY000272,INV000507,V0050,5094.79,0.00,2023-12-12
APP0000281,PAY000273,INV001995,V0050,6577.95,0.00,2024-01-09
APP0000282,PAY000274,INV000652,V0051,1237.01,0.00,2022-03-15
APP0000283,PAY000275,INV000357,V0051,2045.83,0.00,2023-10-19
APP0000284,PAY000276,INV001050,V0051,812.05,0.00,2024-06-06
APP0000285,PAY000277,INV001074,V0051,897.83,0.00,2024-06-13
APP0000286,PAY000278,INV001109,V0051,7503.18,0.00,2024-11-12
APP0000287,PAY000279,INV000794,V0051,7937.49,0.00,2025-06-23
APP0000288,PAY000280,INV001246,V0052,99441.33,0.00,2022-03-08
APP0000289,PAY000281,INV001197,V0052,25385.17,0.00,2022-07-14
APP0000290,PAY000282,INV000410,V0052,43410.24,0.00,2022-08-09
APP0000291,PAY000283,INV001126,V0052,19140.60,0.00,2023-03-14
APP0000292,PAY000284,INV000880,V0052,16735.65,0.00,2023-04-18
APP0000293,PAY000285,INV000984,V0052,125530.94,0.00,2023-05-11
APP0000294,PAY000286,INV001516,V0052,35202.74,0.00,2023-08-01
APP0000295,PAY000287,INV001092,V0052,86110.21,0.00,2023-08-10
APP0000296,PAY000288,INV000103,V0052,239246.68,0.00,2024-02-08
APP0000297,PAY000289,INV001139,V0052,23990.70,0.00,2024-08-22
APP0000298,PAY000290,INV000275,V0052,80168.45,0.00,2025-03-06
APP0000299,PAY000291,INV000611,V0052,2061.84,0.00,2025-06-23
APP0000300,PAY000291,INV000802,V0052,35597.56,0.00,2025-06-23
APP0000301,PAY000292,INV000969,V0053,34800.15,0.00,2022-08-30
APP0000302,PAY000293,INV001757,V0053,100975.68,0.00,2023-03-30
APP0000303,PAY000294,INV001967,V0053,87498.59,0.00,2023-11-09
APP0000304,PAY000295,INV000907,V0053,11111.50,0.00,2023-11-28
APP0000305,PAY000296,INV000925,V0053,215804.34,0.00,2024-04-25
APP0000306,PAY000297,INV000211,V0053,64005.90,0.00,2024-09-19
APP0000307,PAY000298,INV000468,V0054,5334.75,0.00,2022-02-01
APP0000308,PAY000299,INV001599,V0054,20032.94,0.00,2022-04-19
APP0000309,PAY000300,INV001298,V0054,60981.69,0.00,2022-09-29
APP0000310,PAY000301,INV000026,V0054,151393.84,0.00,2022-11-03
APP0000311,PAY000302,INV001478,V0054,18735.77,0.00,2022-12-06
APP0000312,PAY000303,INV001435,V0054,203666.03,0.00,2023-07-04
APP0000313,PAY000304,INV000680,V0054,93375.68,0.00,2023-08-22
APP0000314,PAY000305,INV001374,V0054,122581.97,0.00,2024-09-12
APP0000315,PAY000306,INV001510,V0054,1804.22,0.00,2024-10-15
APP0000316,PAY000307,INV000025,V0055,6195.01,0.00,2024-02-06
APP0000317,PAY000308,INV001453,V0055,16612.37,0.00,2024-06-25
APP0000318,PAY000309,INV001826,V0055,11715.14,0.00,2025-01-28
APP0000319,PAY000310,INV000099,V0055,106600.74,0.00,2025-06-23
APP0000320,PAY000311,INV001047,V0056,1610.25,0.00,2022-05-12
APP0000321,PAY000312,INV001473,V0056,7332.49,0.00,2022-11-01
APP0000322,PAY000313,INV001042,V0056,2008.82,0.00,2023-03-09
APP0000323,PAY000314,INV001229,V0056,15575.63,0.00,2023-03-14
APP0000324,PAY000315,INV000406,V0056,1244.64,0.00,2024-04-02
APP0000325,PAY000316,INV000163,V0056,2998.16,0.00,2025-03-25
APP0000326,PAY000317,INV001592,V0057,214.33,0.00,2022-10-11
APP0000327,PAY000318,INV000726,V0057,1010.05,0.00,2023-05-02
APP0000328,PAY000319,INV001427,V0058,35919.60,0.00,2022-12-15
APP0000329,PAY000320,INV001807,V0059,62952.02,635.88,2022-05-24
APP0000330,PAY000321,INV000209,V0059,8849.01,89.38,2023-02-14
APP0000331,PAY000322,INV000067,V0059,181919.83,1837.57,2023-12-07
APP0000332,PAY000323,INV001432,V0059,24317.30,245.63,2024-05-28
APP0000333,PAY000324,INV000791,V0059,16219.29,163.83,2025-03-27
APP0000334,PAY000325,INV000010,V0059,18610.52,187.99,2025-06-24
APP0000335,PAY000325,INV000126,V0059,23268.54,235.04,2025-06-24
APP0000336,PAY000325,INV001750,V0059,183616.93,1854.72,2025-06-24
APP0000337,PAY000326,INV001337,V0060,3115.98,0.00,2022-09-06
APP0000338,PAY000327,INV001294,V0060,23786.36,0.00,2023-02-21
APP0000339,PAY000328,INV000494,V0060,242588.72,0.00,2023-06-15
APP0000340,PAY000329,INV000338,V0060,72741.23,0.00,2023-09-05
APP0000341,PAY000330,INV000768,V0060,90470.69,0.00,2024-03-19
APP0000342,PAY000331,INV000829,V0060,58606.54,0.00,2024-07-09
APP0000343,PAY000332,INV001662,V0060,38877.08,0.00,2024-08-06
APP0000344,PAY000333,INV000803,V0060,56523.15,0.00,2024-08-20
APP0000345,PAY000334,INV000017,V0060,3833.78,0.00,2024-10-29
APP0000346,PAY000335,INV000154,V0060,386.17,0.00,2024-11-19
APP0000347,PAY000336,INV001497,V0060,26721.53,0.00,2025-02-11
APP0000348,PAY000337,INV000810,V0061,106179.04,0.00,2022-07-05
APP0000349,PAY000338,INV000144,V0061,160036.11,0.00,2023-02-02
APP0000350,PAY000339,INV000723,V0061,68158.11,0.00,2023-05-23
APP0000351,PAY000340,INV001049,V0061,11941.98,0.00,2024-06-27
APP0000352,PAY000341,INV001521,V0061,50043.66,0.00,2024-12-26
APP0000353,PAY000342,INV000451,V0062,39610.27,0.00,2022-08-02
APP0000354,PAY000343,INV001584,V0062,59348.04,0.00,2022-09-20
APP0000355,PAY000344,INV001300,V0062,10768.98,0.00,2022-10-06
APP0000356,PAY000345,INV000471,V0062,12488.75,0.00,2023-03-28
APP0000357,PAY000346,INV001881,V0062,74905.88,0.00,2023-08-17
APP0000358,PAY000347,INV000876,V0062,170435.01,0.00,2023-11-21
APP0000359,PAY000348,INV001334,V0062,70858.98,0.00,2024-03-26
APP0000360,PAY000349,INV001352,V0062,52286.19,0.00,2025-04-01
APP0000361,PAY000350,INV000363,V0062,141898.35,0.00,2025-04-10
APP0000362,PAY000351,INV001223,V0062,11601.71,0.00,2025-06-10
APP0000363,PAY000352,INV000850,V0063,3084.06,0.00,2022-02-22
APP0000364,PAY000353,INV001456,V0063,15455.61,0.00,2022-04-12
APP0000365,PAY000354,INV001706,V0063,153931.78,0.00,2022-06-28
APP0000366,PAY000355,INV000252,V0063,34544.69,0.00,2022-08-09
APP0000367,PAY000356,INV001402,V0063,25759.39,0.00,2022-09-08
APP0000368,PAY000357,INV000256,V0063,80668.66,0.00,2022-11-08
APP0000369,PAY000358,INV000182,V0063,158268.66,0.00,2023-02-07
APP0000370,PAY000359,INV000314,V0063,34098.07,0.00,2024-03-21
APP0000371,PAY000360,INV001218,V0063,50028.01,0.00,2024-05-07
APP0000372,PAY000361,INV001571,V0063,128304.17,0.00,2025-05-13
APP0000373,PAY000362,INV000260,V0063,20980.15,0.00,2025-05-29
APP0000374,PAY000363,INV000149,V0063,64521.85,0.00,2025-06-17
APP0000375,PAY000364,INV000063,V0063,70130.27,0.00,2025-06-23
APP0000376,PAY000364,INV000459,V0063,11681.77,0.00,2025-06-23
APP0000377,PAY000365,INV000702,V0064,136505.84,0.00,2023-12-12
APP0000378,PAY000366,INV001700,V0065,175.26,0.00,2022-04-14
APP0000379,PAY000367,INV001046,V0065,1197.34,0.00,2023-05-23
APP0000380,PAY000368,INV000589,V0065,779.84,0.00,2023-07-25
APP0000381,PAY000369,INV000325,V0065,1466.78,0.00,2023-08-01
APP0000382,PAY000370,INV000677,V0065,2620.59,0.00,2023-10-03
APP0000383,PAY000371,INV001376,V0065,272.84,0.00,2024-01-04
APP0000384,PAY000372,INV001624,V0066,116469.99,0.00,2022-05-10
APP0000385,PAY000373,INV000157,V0066,35864.55,0.00,2023-05-30
APP0000386,PAY000374,INV000105,V0066,35225.43,0.00,2023-11-23
APP0000387,PAY000375,INV000759,V0066,113942.10,0.00,2024-06-04
APP0000388,PAY000376,INV001811,V0067,500.85,0.00,2022-02-15
APP0000389,PAY000377,INV000052,V0067,100.39,0.00,2024-02-13
APP0000390,PAY000378,INV001184,V0067,454.26,0.00,2024-07-23
APP0000391,PAY000379,INV000834,V0068,8842.39,0.00,2023-09-05
APP0000392,PAY000380,INV001127,V0068,9572.21,0.00,2023-10-03
APP0000393,PAY000381,INV001547,V0068,35710.86,0.00,2024-05-28
APP0000394,PAY000381,INV001893,V0068,20969.75,0.00,2024-05-28
APP0000395,PAY000382,INV000145,V0068,12379.65,0.00,2024-08-06
APP0000396,PAY000383,INV001209,V0068,9978.55,0.00,2024-12-03
APP0000397,PAY000384,INV001276,V0068,2963.62,0.00,2025-06-23
APP0000398,PAY000384,INV001289,V0068,3075.54,0.00,2025-06-23
APP0000399,PAY000385,INV001533,V0069,667.85,0.00,2023-05-16
APP0000400,PAY000386,INV001215,V0069,160.49,0.00,2023-06-20
APP0000401,PAY000387,INV001525,V0069,102.44,0.00,2024-03-19
APP0000402,PAY000388,INV001598,V0069,750.94,0.00,2024-05-28
APP0000403,PAY000389,INV000236,V0069,1528.51,0.00,2024-09-26
APP0000404,PAY000390,INV001905,V0069,192.29,0.00,2024-10-31
APP0000405,PAY000391,INV001269,V0070,9088.29,0.00,2022-04-19
APP0000406,PAY000392,INV001576,V0071,3561.34,0.00,2022-02-17
APP0000407,PAY000393,INV001857,V0071,499.55,0.00,2022-10-25
APP0000408,PAY000394,INV001795,V0071,1482.42,0.00,2023-03-07
APP0000409,PAY000395,INV000084,V0071,449.84,0.00,2023-05-30
APP0000410,PAY000396,INV000373,V0071,862.99,0.00,2023-12-05
APP0000411,PAY000397,INV001591,V0071,1907.72,0.00,2024-04-11
APP0000412,PAY000398,INV001520,V0071,2691.33,0.00,2024-05-16
APP0000413,PAY000399,INV000159,V0071,400.50,0.00,2024-10-01
APP0000414,PAY000400,INV000793,V0071,1170.85,0.00,2025-03-11
APP0000415,PAY000401,INV001416,V0072,5727.00,0.00,2022-04-07
APP0000416,PAY000402,INV001183,V0073,26309.34,265.75,2022-06-09
APP0000417,PAY000403,INV001874,V0073,166837.66,1685.23,2022-09-13
APP0000418,PAY000404,INV000521,V0073,10279.85,103.84,2023-03-16
APP0000419,PAY000405,INV000031,V0073,29059.13,293.53,2024-01-04
APP0000420,PAY000406,INV001907,V0073,98094.18,990.85,2024-03-21
APP0000421,PAY000407,INV000285,V0073,4230.54,42.73,2024-03-26
APP0000422,PAY000407,INV001597,V0073,330.24,3.34,2024-03-26
APP0000423,PAY000408,INV001234,V0073,12863.72,129.94,2024-08-20
APP0000424,PAY000409,INV000178,V0073,77207.48,779.87,2025-03-20
APP0000425,PAY000410,INV000210,V0073,23548.25,237.86,2025-06-23
APP0000426,PAY000411,INV001135,V0074,45568.46,0.00,2022-09-13
APP0000427,PAY000412,INV001949,V0074,42479.06,0.00,2022-11-08
APP0000428,PAY000413,INV001607,V0074,36193.96,0.00,2023-02-07
APP0000429,PAY000414,INV000226,V0074,50969.39,0.00,2023-08-01
APP0000430,PAY000415,INV001141,V0074,24982.32,0.00,2023-08-24
APP0000431,PAY000416,INV001815,V0074,6985.82,0.00,2023-11-14
APP0000432,PAY000417,INV001112,V0074,36576.71,0.00,2024-01-09
APP0000433,PAY000418,INV001740,V0076,20204.48,0.00,2022-11-15
APP0000434,PAY000419,INV000422,V0076,66514.33,0.00,2023-02-07
APP0000435,PAY000420,INV000078,V0076,762.98,0.00,2024-08-06
APP0000436,PAY000421,INV000620,V0077,136939.88,0.00,2022-09-13
APP0000437,PAY000422,INV000587,V0077,69413.51,0.00,2023-01-05
APP0000438,PAY000423,INV000353,V0077,81605.27,0.00,2023-01-12
APP0000439,PAY000424,INV000618,V0077,27355.45,0.00,2025-06-23
APP0000440,PAY000424,INV000622,V0077,74816.45,0.00,2025-06-23
APP0000441,PAY000425,INV000842,V0078,17145.11,173.18,2023-07-20
APP0000442,PAY000426,INV000798,V0078,87120.77,880.01,2023-10-17
APP0000443,PAY000427,INV000731,V0078,136723.75,1381.05,2025-02-13
APP0000444,PAY000428,INV001354,V0079,111813.80,0.00,2024-03-28
APP0000445,PAY000429,INV001704,V0079,69997.74,0.00,2024-07-04
APP0000446,PAY000430,INV001767,V0079,31323.60,0.00,2024-09-24
APP0000447,PAY000431,INV000651,V0081,2617.77,0.00,2022-04-12
APP0000448,PAY000432,INV000874,V0081,3442.82,0.00,2022-05-26
APP0000449,PAY000433,INV001962,V0081,25000.00,0.00,2022-06-21
APP0000450,PAY000434,INV000607,V0081,1840.15,0.00,2022-11-08
APP0000451,PAY000435,INV001646,V0081,14809.88,0.00,2022-12-13
APP0000452,PAY000436,INV001443,V0081,2901.74,0.00,2023-02-02
APP0000453,PAY000437,INV000376,V0081,1299.03,0.00,2023-05-23
APP0000454,PAY000438,INV001836,V0081,5067.14,0.00,2023-08-22
APP0000455,PAY000439,INV000772,V0081,21517.87,0.00,2024-06-18
APP0000456,PAY000440,INV001324,V0081,1073.22,0.00,2024-12-19
APP0000457,PAY000441,INV000436,V0081,2388.18,0.00,2025-06-17
APP0000458,PAY000442,INV001650,V0082,3115.99,0.00,2022-08-18
APP0000459,PAY000443,INV000091,V0082,9403.58,0.00,2023-03-02
APP0000460,PAY000444,INV001336,V0082,7361.62,0.00,2023-04-18
APP0000461,PAY000445,INV001198,V0082,4859.02,0.00,2023-07-11
APP0000462,PAY000446,INV000877,V0082,7036.49,0.00,2023-11-28
APP0000463,PAY000447,INV000536,V0082,11261.97,0.00,2024-03-05
APP0000464,PAY000448,INV001519,V0082,2846.67,0.00,2024-10-01
APP0000465,PAY000449,INV001883,V0082,8657.98,0.00,2025-03-25
APP0000466,PAY000450,INV001016,V0083,17714.44,0.00,2022-03-01
APP0000467,PAY000451,INV000685,V0083,82665.37,0.00,2022-10-11
APP0000468,PAY000452,INV001692,V0083,250000.00,0.00,2023-01-24
APP0000469,PAY000453,INV000530,V0083,95757.61,0.00,2024-01-09
APP0000470,PAY000454,INV001832,V0083,11775.83,0.00,2024-01-23
APP0000471,PAY000455,INV001819,V0083,250000.00,0.00,2024-04-04
APP0000472,PAY000456,INV001980,V0083,5265.74,0.00,2024-10-08
APP0000473,PAY000457,INV000672,V0083,73067.79,0.00,2025-02-06
APP0000474,PAY000458,INV001683,V0083,52771.25,0.00,2025-06-23
APP0000475,PAY000459,INV000073,V0084,5753.86,0.00,2022-04-14
APP0000476,PAY000460,INV001719,V0084,20293.64,0.00,2022-07-05
APP0000477,PAY000461,INV000951,V0084,9230.28,0.00,2023-07-25
APP0000478,PAY000462,INV001816,V0084,1651.07,0.00,2024-02-01
APP0000479,PAY000463,INV001523,V0084,2456.79,0.00,2024-03-19
APP0000480,PAY000464,INV000501,V0084,5528.12,0.00,2024-04-02
APP0000481,PAY000464,INV000920,V0084,15688.55,0.00,2024-04-02
APP0000482,PAY000465,INV001333,V0084,1314.28,0.00,2024-12-03
APP0000483,PAY000466,INV001420,V0085,14278.08,0.00,2022-07-14
APP0000484,PAY000467,INV000986,V0085,11009.45,0.00,2023-10-31
APP0000485,PAY000468,INV001278,V0085,2350.15,0.00,2024-07-23
APP0000486,PAY000469,INV000550,V0085,13419.66,0.00,2025-04-15
APP0000487,PAY000470,INV001964,V0085,5713.79,0.00,2025-06-23
APP0000488,PAY000471,INV000364,V0086,10966.86,223.81,2023-01-31
APP0000489,PAY000472,INV001651,V0086,39641.67,809.01,2023-02-16
APP0000490,PAY000473,INV000761,V0086,76931.41,1570.03,2023-06-01
APP0000491,PAY000474,INV000533,V0086,6795.92,138.69,2024-01-02
APP0000492,PAY000475,INV001309,V0086,53148.77,1084.67,2024-04-30
APP0000493,PAY000476,INV000235,V0086,180900.37,3691.84,2024-11-19
APP0000494,PAY000477,INV000806,V0086,28041.48,572.28,2025-05-20
APP0000495,PAY000478,INV001373,V0087,15214.14,0.00,2023-04-13
APP0000496,PAY000479,INV000725,V0087,3046.76,0.00,2023-06-06
APP0000497,PAY000480,INV000011,V0087,1369.29,0.00,2024-06-18
APP0000498,PAY000481,INV000955,V0087,7060.14,0.00,2024-09-26
APP0000499,PAY000482,INV001775,V0087,3098.59,0.00,2024-10-08
APP0000500,PAY000483,INV001671,V0087,1287.49,0.00,2025-02-13
APP0000501,PAY000484,INV001642,V0088,12796.64,129.26,2022-03-22
APP0000502,PAY000485,INV000890,V0088,29419.04,297.16,2022-04-19
APP0000503,PAY000486,INV001735,V0088,158692.49,1602.95,2022-05-10
APP0000504,PAY000487,INV001439,V0088,14265.81,144.10,2022-12-22
APP0000505,PAY000488,INV000554,V0088,10376.64,104.81,2023-02-28
APP0000506,PAY000489,INV000576,V0088,192172.02,1941.13,2023-04-11
APP0000507,PAY000490,INV001287,V0088,77275.30,780.56,2023-10-10
APP0000508,PAY000491,INV000612,V0088,39356.09,397.54,2025-03-04
APP0000509,PAY000492,INV001726,V0088,13247.09,133.81,2025-06-03
APP0000510,PAY000493,INV000613,V0088,51728.19,522.51,2025-06-23
APP0000511,PAY000494,INV000155,V0089,10974.85,0.00,2023-02-21
APP0000512,PAY000495,INV000538,V0089,76202.79,0.00,2023-06-15
APP0000513,PAY000496,INV000402,V0089,34654.60,0.00,2024-03-19
APP0000514,PAY000497,INV001536,V0089,51442.98,0.00,2024-08-08
APP0000515,PAY000498,INV001027,V0089,87321.95,0.00,2024-08-13
APP0000516,PAY000499,INV001614,V0089,130250.25,0.00,2024-09-17
APP0000517,PAY000500,INV000534,V0089,16091.55,0.00,2024-10-24
APP0000518,PAY000501,INV000927,V0089,54720.82,0.00,2024-12-10
APP0000519,PAY000502,INV000819,V0089,36108.29,0.00,2025-05-06
APP0000520,PAY000503,INV001280,V0091,8027.51,0.00,2022-03-08
APP0000521,PAY000504,INV001173,V0091,4746.89,0.00,2022-04-14
APP0000522,PAY000505,INV000246,V0091,18310.74,0.00,2023-04-11
APP0000523,PAY000505,INV000833,V0091,918.46,0.00,2023-04-11
APP0000524,PAY000506,INV000775,V0091,3931.36,0.00,2023-10-17
APP0000525,PAY000507,INV001025,V0091,2395.97,0.00,2024-09-17
APP0000526,PAY000508,INV001175,V0091,6107.72,0.00,2024-11-07
APP0000527,PAY000509,INV001021,V0092,3518.43,0.00,2022-09-08
APP0000528,PAY000510,INV001636,V0092,15008.57,0.00,2022-10-25
APP0000529,PAY000511,INV000215,V0092,16101.63,0.00,2023-01-17
APP0000530,PAY000512,INV001083,V0092,8400.74,0.00,2023-05-18
APP0000531,PAY000513,INV001206,V0092,10018.00,0.00,2023-07-13
APP0000532,PAY000514,INV001656,V0092,2915.22,0.00,2025-01-09
APP0000533,PAY000515,INV000445,V0092,8464.51,0.00,2025-02-27
APP0000534,PAY000516,INV001051,V0092,4952.15,0.00,2025-04-29
APP0000535,PAY000517,INV001277,V0092,3982.20,0.00,2025-06-23
APP0000536,PAY000518,INV000037,V0093,3555.09,0.00,2022-04-26
APP0000537,PAY000518,INV000193,V0093,61306.09,0.00,2022-04-26
APP0000538,PAY000519,INV001734,V0093,118625.27,0.00,2022-11-10
APP0000539,PAY000520,INV001849,V0093,89332.21,0.00,2023-01-17
APP0000540,PAY000521,INV000666,V0093,89948.37,0.00,2023-08-22
APP0000541,PAY000522,INV001782,V0093,47052.67,0.00,2024-01-11
APP0000542,PAY000523,INV001252,V0093,12187.29,0.00,2024-03-05
APP0000543,PAY000524,INV001102,V0093,7639.22,0.00,2024-07-02
APP0000544,PAY000525,INV000854,V0093,16064.86,0.00,2024-09-12
APP0000545,PAY000526,INV001233,V0094,830.20,0.00,2022-08-04
APP0000546,PAY000527,INV000490,V0094,595.34,0.00,2023-01-05
APP0000547,PAY000528,INV001637,V0094,581.05,0.00,2023-03-09
APP0000548,PAY000529,INV000079,V0094,450.84,0.00,2023-06-08
APP0000549,PAY000530,INV001756,V0094,268.75,0.00,2024-12-10
APP0000550,PAY000531,INV000764,V0094,83.81,0.00,2025-04-29
APP0000551,PAY000532,INV000415,V0094,88.73,0.00,2025-06-23
APP0000552,PAY000533,INV001582,V0095,1915.04,0.00,2022-12-27
APP0000553,PAY000534,INV000481,V0095,6505.34,0.00,2023-09-19
APP0000554,PAY000535,INV000386,V0095,4977.96,0.00,2024-05-07
APP0000555,PAY000536,INV001631,V0095,11931.16,0.00,2025-03-11
APP0000556,PAY000537,INV000558,V0096,247500.00,2500.00,2022-05-03
APP0000557,PAY000538,INV000512,V0096,1087.18,10.98,2022-07-26
APP0000558,PAY000539,INV000013,V0096,100378.49,1013.92,2022-12-13
APP0000559,PAY000540,INV000590,V0096,64648.49,653.01,2023-04-13
APP0000560,PAY000541,INV000938,V0096,68535.04,692.27,2023-08-01
APP0000561,PAY000542,INV000991,V0096,65510.21,661.72,2024-08-08
APP0000562,PAY000543,INV000867,V0096,5866.04,59.25,2024-08-13
APP0000563,PAY000544,INV001078,V0096,73353.36,740.94,2024-09-24
APP0000564,PAY000545,INV000194,V0096,44901.34,453.55,2025-02-11
APP0000565,PAY000546,INV000119,V0096,25926.47,261.88,2025-03-04
APP0000566,PAY000547,INV000450,V0096,162046.87,1636.84,2025-06-24
APP0000567,PAY000548,INV000644,V0097,13379.72,0.00,2023-04-04
APP0000568,PAY000549,INV001996,V0097,8007.11,0.00,2023-06-20
APP0000569,PAY000550,INV000174,V0097,97965.34,0.00,2023-10-19
APP0000570,PAY000551,INV001999,V0097,46474.59,0.00,2023-11-28
APP0000571,PAY000552,INV001790,V0097,40187.05,0.00,2024-05-28
APP0000572,PAY000553,INV000517,V0097,134457.19,0.00,2024-09-10
APP0000573,PAY000554,INV001408,V0097,216766.74,0.00,2024-10-22
APP0000574,PAY000555,INV001665,V0097,2856.36,0.00,2024-11-19
APP0000575,PAY000556,INV001647,V0097,19377.22,0.00,2024-12-31
APP0000576,PAY000557,INV000600,V0097,2073.66,0.00,2025-02-18
APP0000577,PAY000558,INV000782,V0099,8861.89,0.00,2023-05-02
APP0000578,PAY000559,INV001273,V0099,29819.01,0.00,2023-09-05
APP0000579,PAY000560,INV001303,V0099,6563.15,0.00,2023-10-12
APP0000580,PAY000561,INV001787,V0099,35494.97,0.00,2024-04-16
APP0000581,PAY000562,INV001444,V0099,3089.40,0.00,2024-05-07
APP0000582,PAY000563,INV000151,V0099,106360.16,0.00,2024-08-27
APP0000583,PAY000564,INV000316,V0099,50201.25,0.00,2024-11-05
APP0000584,PAY000565,INV000289,V0099,8405.08,0.00,2025-05-27
APP0000585,PAY000566,INV001876,V0100,967.57,0.00,2022-04-14
APP0000586,PAY000567,INV000191,V0100,280.25,0.00,2022-07-26
APP0000587,PAY000568,INV001434,V0101,5467.71,0.00,2024-09-24
APP0000588,PAY000569,INV000500,V0102,17730.84,0.00,2023-10-26
APP0000589,PAY000570,INV001244,V0102,9749.34,0.00,2024-04-30
APP0000590,PAY000571,INV001389,V0102,2105.75,0.00,2024-11-12
APP0000591,PAY000572,INV001327,V0103,58776.52,593.70,2022-04-19
APP0000592,PAY000573,INV000511,V0103,18329.55,185.15,2023-02-28
APP0000593,PAY000574,INV000479,V0103,58557.97,591.49,2023-04-27
APP0000594,PAY000575,INV001737,V0103,247500.00,2500.00,2023-07-27
APP0000595,PAY000576,INV000741,V0103,38558.00,389.47,2023-10-24
APP0000596,PAY000577,INV001994,V0103,841.83,8.50,2024-07-25
APP0000597,PAY000578,INV001865,V0103,16887.16,170.58,2024-10-15
APP0000598,PAY000579,INV001421,V0103,25705.20,259.65,2025-06-23
APP0000599,PAY000580,INV001150,V0104,2233.11,0.00,2022-04-26
APP0000600,PAY000581,INV000020,V0104,635.71,0.00,2023-05-30
APP0000601,PAY000582,INV000858,V0104,3022.19,0.00,2024-04-02
APP0000602,PAY000583,INV000035,V0105,67451.26,1376.56,2022-09-27
APP0000603,PAY000584,INV001483,V0105,32615.67,665.63,2023-05-02
APP0000604,PAY000585,INV001129,V0105,44253.99,903.14,2023-06-15
APP0000605,PAY000586,INV000177,V0105,53217.96,1086.08,2023-10-10
APP0000606,PAY000587,INV000655,V0105,326.29,6.66,2024-02-27
APP0000607,PAY000588,INV001831,V0105,39041.50,796.77,2024-03-07
APP0000608,PAY000589,INV001674,V0105,16532.82,337.40,2024-04-18
APP0000609,PAY000590,INV000994,V0105,38207.99,779.75,2024-08-15
APP0000610,PAY000591,INV001753,V0105,36015.48,735.01,2025-02-06
APP0000611,PAY000592,INV001596,V0105,36753.10,750.06,2025-03-18
APP0000612,PAY000593,INV000405,V0105,1932.71,39.44,2025-05-06
APP0000613,PAY000594,INV001778,V0106,12968.50,264.66,2022-08-09
APP0000614,PAY000595,INV000123,V0106,2377.87,48.53,2022-08-23
APP0000615,PAY000596,INV000337,V0106,16237.36,331.37,2023-03-23
APP0000616,PAY000597,INV000924,V0106,44009.07,898.14,2023-05-09
APP0000617,PAY000598,INV001383,V0106,17596.02,359.10,2023-07-20
APP0000618,PAY000599,INV000957,V0106,245000.00,5000.00,2023-08-22
APP0000619,PAY000600,INV000591,V0106,55701.45,1136.76,2024-04-16
APP0000620,PAY000601,INV000077,V0106,213861.65,4364.52,2024-09-17
APP0000621,PAY000602,INV000638,V0107,580.07,0.00,2022-07-14
APP0000622,PAY000603,INV000315,V0107,829.99,0.00,2022-08-02
APP0000623,PAY000604,INV001163,V0107,398.29,0.00,2023-10-10
APP0000624,PAY000605,INV001349,V0108,9800.79,0.00,2022-07-05
APP0000625,PAY000606,INV001262,V0108,15749.72,0.00,2023-05-23
APP0000626,PAY000607,INV000253,V0108,11058.99,0.00,2023-07-11
APP0000627,PAY000608,INV001526,V0108,15232.82,0.00,2024-01-16
APP0000628,PAY000609,INV000875,V0108,5847.81,0.00,2024-02-20
APP0000629,PAY000610,INV001290,V0108,12761.53,0.00,2024-06-27
APP0000630,PAY000611,INV000390,V0108,4582.26,0.00,2024-11-19
APP0000631,PAY000612,INV000300,V0108,8241.23,0.00,2025-05-13
APP0000632,PAY000613,INV000531,V0108,2735.91,0.00,2025-06-23
APP0000633,PAY000614,INV000348,V0110,699.96,0.00,2022-03-31
APP0000634,PAY000615,INV001464,V0110,6814.28,0.00,2022-04-21
APP0000635,PAY000615,INV001803,V0110,1846.78,0.00,2022-04-21
APP0000636,PAY000616,INV000894,V0110,9248.32,0.00,2023-04-04
APP0000637,PAY000617,INV000452,V0110,5544.01,0.00,2023-11-21
APP0000638,PAY000618,INV000328,V0110,5059.33,0.00,2025-06-23
APP0000639,PAY000618,INV000603,V0110,7957.38,0.00,2025-06-23
APP0000640,PAY000619,INV000698,V0112,7294.43,0.00,2022-06-02
APP0000641,PAY000620,INV001952,V0112,169639.75,0.00,2022-11-10
APP0000642,PAY000621,INV000139,V0112,87402.63,0.00,2022-12-15
APP0000643,PAY000622,INV000232,V0112,17355.67,0.00,2023-01-10
APP0000644,PAY000623,INV001944,V0112,102617.17,0.00,2023-01-19
APP0000645,PAY000624,INV000148,V0112,214196.46,0.00,2024-09-19
APP0000646,PAY000625,INV000258,V0112,25226.73,0.00,2024-10-22
APP0000647,PAY000626,INV000669,V0112,34656.30,0.00,2024-10-31
APP0000648,PAY000627,INV001457,V0112,15960.61,0.00,2025-04-01
APP0000649,PAY000628,INV000301,V0112,8615.22,0.00,2025-06-17
APP0000650,PAY000629,INV001950,V0113,325.73,0.00,2022-08-11
APP0000651,PAY000630,INV001306,V0113,745.85,0.00,2023-05-18
APP0000652,PAY000631,INV000425,V0113,2000.00,0.00,2024-03-14
APP0000653,PAY000632,INV000439,V0113,1022.64,0.00,2024-04-23
APP0000654,PAY000633,INV000588,V0114,31969.27,0.00,2022-07-14
APP0000655,PAY000634,INV001982,V0114,50989.66,0.00,2022-09-22
APP0000656,PAY000635,INV000524,V0114,174854.07,0.00,2023-05-11
APP0000657,PAY000636,INV000392,V0114,15141.14,0.00,2024-04-11
APP0000658,PAY000637,INV000329,V0114,10065.67,0.00,2024-06-06
APP0000659,PAY000638,INV001917,V0114,41526.53,0.00,2025-03-25
APP0000660,PAY000639,INV001760,V0116,9499.30,0.00,2022-02-01
APP0000661,PAY000640,INV000423,V0116,36750.97,0.00,2022-04-19
APP0000662,PAY000641,INV001568,V0116,30447.49,0.00,2022-07-26
APP0000663,PAY000642,INV000034,V0116,75630.17,0.00,2022-10-25
APP0000664,PAY000643,INV001791,V0116,3186.11,0.00,2023-09-19
APP0000665,PAY000644,INV001856,V0116,58605.16,0.00,2024-07-30
APP0000666,PAY000645,INV000318,V0116,79287.37,0.00,2024-11-07
APP0000667,PAY000646,INV001451,V0116,44935.09,0.00,2024-11-28
APP0000668,PAY000647,INV000312,V0116,2959.30,0.00,2025-01-16
APP0000669,PAY000648,INV000813,V0116,139378.76,0.00,2025-06-17
APP0000670,PAY000649,INV000475,V0117,596.96,0.00,2022-03-10
APP0000671,PAY000650,INV000352,V0117,2088.94,0.00,2022-08-23
APP0000672,PAY000651,INV000992,V0117,2286.47,0.00,2022-10-13
APP0000673,PAY000652,INV001538,V0118,82288.03,0.00,2023-01-19
APP0000674,PAY000653,INV001357,V0118,3385.16,0.00,2023-10-10
APP0000675,PAY000654,INV000090,V0118,19404.47,0.00,2024-06-04
APP0000676,PAY000655,INV001105,V0118,1579.52,0.00,2025-04-01
APP0000677,PAY000656,INV001769,V0119,81313.32,821.35,2022-07-05
APP0000678,PAY000657,INV001479,V0119,125529.76,1267.98,2023-02-21
APP0000679,PAY000658,INV001654,V0119,10379.94,104.85,2023-05-04
APP0000680,PAY000659,INV001406,V0119,2082.85,21.04,2023-05-09
APP0000681,PAY000660,INV000060,V0119,94822.53,957.80,2023-08-22
APP0000682,PAY000661,INV001156,V0119,56342.01,569.11,2024-10-29
APP0000683,PAY000662,INV000321,V0119,11659.61,117.77,2024-12-19
APP0000684,PAY000663,INV000463,V0119,111438.08,1125.64,2025-01-09
APP0000685,PAY000664,INV001620,V0119,209297.23,2114.11,2025-05-20
APP0000686,PAY000665,INV000629,V0120,29326.02,0.00,2022-09-27
APP0000687,PAY000666,INV001828,V0120,378.13,0.00,2023-04-27
APP0000688,PAY000667,INV000869,V0120,11105.28,0.00,2024-09-12
APP0000689,PAY000668,INV001274,V0120,2473.75,0.00,2025-01-14
APP0000690,PAY000669,INV000824,V0121,117822.31,0.00,2022-03-15
APP0000691,PAY000670,INV001235,V0121,34598.35,0.00,2023-01-12
APP0000692,PAY000671,INV001732,V0121,70123.02,0.00,2023-05-23
APP0000693,PAY000672,INV001553,V0121,54543.64,0.00,2023-06-06
APP0000694,PAY000673,INV000442,V0121,2395.44,0.00,2024-05-28
APP0000695,PAY000674,INV001739,V0122,51310.20,0.00,2022-09-29
APP0000696,PAY000675,INV001580,V0122,204288.84,0.00,2023-12-05
APP0000697,PAY000676,INV000248,V0122,29013.35,0.00,2024-02-20
APP0000698,PAY000677,INV000262,V0122,90066.67,0.00,2024-03-21
APP0000699,PAY000678,INV001282,V0122,21279.42,0.00,2025-01-02
APP0000700,PAY000679,INV000121,V0122,7862.78,0.00,2025-02-13
APP0000701,PAY000680,INV000579,V0122,145124.32,0.00,2025-03-27
APP0000702,PAY000681,INV001666,V0123,39643.18,0.00,2022-02-01
APP0000703,PAY000682,INV001590,V0123,22314.41,0.00,2022-04-19
APP0000704,PAY000683,INV000748,V0123,80002.42,0.00,2022-08-23
APP0000705,PAY000684,INV001755,V0123,148183.18,0.00,2024-11-14
APP0000706,PAY000685,INV000575,V0124,62587.31,0.00,2022-03-24
APP0000707,PAY000686,INV001407,V0124,52517.01,0.00,2022-03-29
APP0000708,PAY000687,INV000418,V0124,47602.16,0.00,2022-05-05
APP0000709,PAY000688,INV001293,V0124,28852.73,0.00,2022-11-29
APP0000710,PAY000689,INV000028,V0124,39680.26,0.00,2025-03-18
APP0000711,PAY000690,INV001822,V0126,2199.86,0.00,2022-04-12
APP0000712,PAY000691,INV001295,V0126,1968.77,0.00,2022-04-26
APP0000713,PAY000692,INV000604,V0126,14743.46,0.00,2022-05-31
APP0000714,PAY000693,INV000553,V0126,3338.74,0.00,2022-08-09
APP0000715,PAY000694,INV001067,V0126,5758.53,0.00,2022-11-10
APP0000716,PAY000695,INV000721,V0126,6355.67,0.00,2023-03-28
APP0000717,PAY000696,INV000601,V0126,6676.82,0.00,2023-04-18
APP0000718,PAY000697,INV000199,V0126,21962.06,0.00,2023-06-15
APP0000719,PAY000698,INV001896,V0126,6306.48,0.00,2023-10-17
APP0000720,PAY000699,INV000089,V0126,3294.62,0.00,2024-11-19
APP0000721,PAY000700,INV000855,V0126,1866.01,0.00,2024-12-03
APP0000722,PAY000701,INV001093,V0126,4103.83,0.00,2025-03-04
APP0000723,PAY000702,INV000192,V0126,1912.16,0.00,2025-05-06
APP0000724,PAY000703,INV000470,V0127,2732.84,0.00,2022-06-28
APP0000725,PAY000704,INV000565,V0127,1997.80,0.00,2022-09-20
APP0000726,PAY000705,INV000097,V0127,1033.08,0.00,2022-11-01
APP0000727,PAY000706,INV000825,V0127,128.08,0.00,2023-09-12
APP0000728,PAY000707,INV001958,V0127,948.72,0.00,2024-01-23
APP0000729,PAY000708,INV000440,V0127,1662.02,0.00,2024-06-25
APP0000730,PAY000709,INV000599,V0127,1327.78,0.00,2025-05-01
APP0000731,PAY000710,INV001322,V0127,2204.77,0.00,2025-06-23
APP0000732,PAY000711,INV000093,V0128,135420.43,2763.68,2022-04-12
APP0000733,PAY000712,INV000852,V0128,13616.03,277.88,2022-08-02
APP0000734,PAY000713,INV000499,V0128,243253.62,4964.36,2022-12-20
APP0000735,PAY000713,INV000586,V0128,7595.01,155.00,2022-12-20
APP0000736,PAY000714,INV001125,V0128,7235.85,147.67,2024-07-11
APP0000737,PAY000715,INV001839,V0128,188795.11,3852.96,2024-09-10
APP0000738,PAY000716,INV000859,V0128,67791.62,1383.50,2024-11-05
APP0000739,PAY000717,INV000323,V0129,4923.49,0.00,2022-02-22
APP0000740,PAY000718,INV001362,V0129,7480.01,0.00,2022-03-29
APP0000741,PAY000719,INV001866,V0129,6950.72,0.00,2024-07-30
APP0000742,PAY000720,INV000457,V0129,3611.42,0.00,2025-06-23
APP0000743,PAY000720,INV001168,V0129,2695.97,0.00,2025-06-23
APP0000744,PAY000721,INV001540,V0130,116007.31,0.00,2022-03-10
APP0000745,PAY000722,INV000668,V0130,20867.89,0.00,2022-06-14
APP0000746,PAY000723,INV000029,V0130,121429.09,0.00,2022-07-14
APP0000747,PAY000724,INV001566,V0130,77642.72,0.00,2023-11-02
APP0000748,PAY000725,INV001890,V0130,669.33,0.00,2024-07-02
APP0000749,PAY000726,INV000320,V0130,75860.27,0.00,2025-06-23
APP0000750,PAY000727,INV000207,V0131,2993.63,0.00,2022-04-05
APP0000751,PAY000728,INV001133,V0131,1149.81,0.00,2022-04-21
APP0000752,PAY000729,INV000102,V0131,305.31,0.00,2022-08-23
APP0000753,PAY000730,INV000695,V0131,922.34,0.00,2023-01-19
APP0000754,PAY000731,INV000841,V0131,1096.99,0.00,2023-06-06
APP0000755,PAY000732,INV000939,V0131,981.36,0.00,2023-07-25
APP0000756,PAY000733,INV000610,V0131,1428.20,0.00,2024-07-09
APP0000757,PAY000734,INV001725,V0132,35805.20,361.67,2022-08-30
APP0000758,PAY000735,INV000391,V0132,73706.36,744.51,2022-12-15
APP0000759,PAY000736,INV000171,V0132,3666.49,37.04,2023-04-04
APP0000760,PAY000737,INV001610,V0132,41745.80,421.67,2023-09-12
APP0000761,PAY000738,INV001915,V0132,25036.29,252.89,2023-11-23
APP0000762,PAY000739,INV000997,V0132,31438.64,317.56,2025-04-08
APP0000763,PAY000740,INV001772,V0132,38858.57,392.51,2025-06-12
APP0000764,PAY000741,INV000341,V0133,3169.81,0.00,2022-02-08
APP0000765,PAY000742,INV001638,V0133,15297.71,0.00,2022-05-17
APP0000766,PAY000743,INV001956,V0133,2892.55,0.00,2022-05-31
APP0000767,PAY000744,INV000948,V0133,5305.72,0.00,2022-11-08
APP0000768,PAY000745,INV000133,V0133,596.97,0.00,2023-09-12
APP0000769,PAY000746,INV000379,V0133,5479.29,0.00,2023-10-10
APP0000770,PAY000747,INV000225,V0133,3221.91,0.00,2023-10-17
APP0000771,PAY000748,INV001977,V0133,2424.93,0.00,2024-10-08
APP0000772,PAY000749,INV000826,V0134,33154.45,334.89,2022-05-05
APP0000773,PAY000750,INV000428,V0134,129412.46,1307.20,2022-12-06
APP0000774,PAY000751,INV000360,V0134,6098.29,61.60,2023-04-13
APP0000775,PAY000752,INV001104,V0134,253.06,2.56,2023-09-26
APP0000776,PAY000753,INV001094,V0134,20226.91,204.31,2024-02-01
APP0000777,PAY000754,INV000809,V0134,4316.17,43.60,2024-04-09
APP0000778,PAY000755,INV001391,V0134,15132.03,152.85,2024-08-01
APP0000779,PAY000756,INV000598,V0134,18282.45,184.67,2024-11-26
APP0000780,PAY000757,INV001974,V0134,35437.61,357.96,2025-06-03
APP0000781,PAY000758,INV000542,V0136,5642.01,0.00,2022-02-22
APP0000782,PAY000759,INV000645,V0136,9863.97,0.00,2023-11-23
APP0000783,PAY000760,INV001781,V0136,5411.70,0.00,2024-10-15
APP0000784,PAY000761,INV000712,V0136,5718.45,0.00,2025-01-07
APP0000785,PAY000762,INV000287,V0136,10163.65,0.00,2025-06-23
APP0000786,PAY000763,INV000966,V0137,9764.62,0.00,2022-03-01
APP0000787,PAY000764,INV000162,V0137,14601.49,0.00,2023-07-18
APP0000788,PAY000764,INV000861,V0137,19900.28,0.00,2023-07-18
APP0000789,PAY000765,INV001496,V0137,29836.34,0.00,2023-12-05
APP0000790,PAY000766,INV001701,V0137,25604.22,0.00,2024-04-11
APP0000791,PAY000767,INV000195,V0137,28400.47,0.00,2024-06-18
APP0000792,PAY000768,INV000505,V0137,44955.56,0.00,2024-10-03
APP0000793,PAY000769,INV001673,V0137,5926.65,0.00,2025-04-08
APP0000794,PAY000770,INV001088,V0137,993.89,0.00,2025-05-06
APP0000795,PAY000771,INV001500,V0138,554.77,0.00,2024-02-20
APP0000796,PAY000772,INV000749,V0139,129646.51,1309.56,2024-01-30
APP0000797,PAY000773,INV001157,V0139,93271.23,942.13,2024-02-13
APP0000798,PAY000774,INV000358,V0139,41297.83,417.15,2024-06-04
APP0000799,PAY000775,INV000058,V0139,172503.14,1742.46,2024-07-16
APP0000800,PAY000776,INV000496,V0139,247500.00,2500.00,2024-08-29
APP0000801,PAY000777,INV001200,V0139,28771.84,290.62,2025-04-22
APP0000802,PAY000778,INV001335,V0139,6469.15,65.34,2025-06-23
APP0000803,PAY000779,INV000169,V0140,1753.08,0.00,2023-12-26
APP0000804,PAY000780,INV000466,V0140,497.84,0.00,2024-05-14
APP0000805,PAY000781,INV000548,V0140,635.61,0.00,2024-12-24
APP0000806,PAY000782,INV001315,V0140,919.03,0.00,2025-01-07
APP0000807,PAY000783,INV000309,V0140,1016.24,0.00,2025-05-06
APP0000808,PAY000784,INV001542,V0140,821.32,0.00,2025-05-20
APP0000809,PAY000785,INV001359,V0140,407.20,0.00,2025-06-12
APP0000810,PAY000786,INV001263,V0141,130211.20,2657.37,2022-06-23
APP0000811,PAY000787,INV001117,V0141,14404.59,293.97,2022-09-01
APP0000812,PAY000788,INV000881,V0141,103670.25,2115.72,2022-10-13
APP0000813,PAY000789,INV000532,V0141,22863.39,466.60,2022-12-22
APP0000814,PAY000790,INV001030,V0141,133952.93,2733.73,2023-04-11
APP0000815,PAY000791,INV001954,V0141,20277.58,413.83,2023-05-18
APP0000816,PAY000792,INV000409,V0141,21780.73,444.50,2024-03-12
APP0000817,PAY000793,INV001220,V0141,4539.27,92.64,2024-04-04
APP0000818,PAY000794,INV001901,V0141,34525.96,704.61,2025-03-04
APP0000819,PAY000795,INV001485,V0141,70454.32,1437.84,2025-06-23
APP0000820,PAY000796,INV000201,V0142,3457.98,0.00,2022-02-15
APP0000821,PAY000797,INV000308,V0142,1417.45,0.00,2022-03-01
APP0000822,PAY000798,INV001167,V0142,3279.51,0.00,2022-07-19
APP0000823,PAY000799,INV000753,V0142,370.55,0.00,2022-07-26
APP0000824,PAY000800,INV000184,V0142,139.29,0.00,2025-03-13
APP0000825,PAY000801,INV001011,V0142,4558.14,0.00,2025-05-27
APP0000826,PAY000802,INV000595,V0143,75934.93,0.00,2022-06-02
APP0000827,PAY000803,INV001115,V0143,61805.78,0.00,2022-06-21
APP0000828,PAY000804,INV000172,V0143,33660.72,0.00,2022-08-30
APP0000829,PAY000805,INV001655,V0143,36712.45,0.00,2023-01-17
APP0000830,PAY000806,INV000113,V0143,90679.72,0.00,2023-03-14
APP0000831,PAY000807,INV001351,V0143,29702.01,0.00,2024-01-02
APP0000832,PAY000808,INV000962,V0143,138324.52,0.00,2024-04-11
APP0000833,PAY000809,INV001292,V0143,34678.20,0.00,2024-06-06
APP0000834,PAY000810,INV001057,V0143,1724.85,0.00,2025-04-08
APP0000835,PAY000811,INV001325,V0143,95058.71,0.00,2025-06-23
APP0000836,PAY000812,INV000727,V0144,21260.37,0.00,2022-03-08
APP0000837,PAY000813,INV000716,V0144,63349.01,0.00,2022-03-22
APP0000838,PAY000814,INV000276,V0144,63731.28,0.00,2023-07-04
APP0000839,PAY000815,INV000560,V0144,10749.20,0.00,2024-05-28
APP0000840,PAY000816,INV000430,V0144,80461.28,0.00,2024-07-16
APP0000841,PAY000817,INV001765,V0144,5922.91,0.00,2025-02-25
APP0000842,PAY000818,INV001870,V0144,453.21,0.00,2025-06-17
APP0000843,PAY000819,INV000434,V0145,35112.56,354.67,2022-09-13
APP0000844,PAY000820,INV000274,V0145,12341.43,124.66,2023-10-03
APP0000845,PAY000821,INV001467,V0145,48325.97,488.14,2023-11-07
APP0000846,PAY000822,INV001989,V0146,25057.47,0.00,2022-03-29
APP0000847,PAY000823,INV000398,V0146,6502.11,0.00,2022-07-12
APP0000848,PAY000824,INV000273,V0146,31934.43,0.00,2023-02-28
APP0000849,PAY000825,INV000032,V0146,113608.92,0.00,2023-12-07
APP0000850,PAY000826,INV001682,V0146,168993.55,0.00,2024-04-02
APP0000851,PAY000827,INV001867,V0146,33038.72,0.00,2024-05-14
APP0000852,PAY000828,INV001679,V0146,89003.74,0.00,2024-12-17
APP0000853,PAY000829,INV001249,V0146,54916.10,0.00,2024-12-31
APP0000854,PAY000830,INV000883,V0146,79117.29,0.00,2025-04-15
APP0000855,PAY000831,INV000476,V0146,2692.08,0.00,2025-06-23
APP0000856,PAY000831,INV001080,V0146,40165.83,0.00,2025-06-23
APP0000857,PAY000832,INV000396,V0147,45879.62,936.32,2023-02-14
APP0000858,PAY000833,INV001259,V0147,55692.81,1136.59,2024-01-23
APP0000859,PAY000834,INV000769,V0147,3240.10,66.12,2024-04-16
APP0000860,PAY000835,INV001825,V0147,18638.36,380.37,2024-04-23
APP0000861,PAY000836,INV001286,V0147,175707.17,3585.86,2024-07-02
APP0000862,PAY000837,INV001550,V0147,71230.90,1453.69,2024-07-23
APP0000863,PAY000838,INV001071,V0147,244328.72,4986.30,2024-11-05
APP0000864,PAY000839,INV001690,V0147,67611.04,1379.82,2025-06-17
APP0000865,PAY000840,INV000135,V0148,41138.50,0.00,2022-05-12
APP0000866,PAY000841,INV001668,V0148,68755.51,0.00,2022-06-14
APP0000867,PAY000842,INV001403,V0148,83441.72,0.00,2022-09-29
APP0000868,PAY000843,INV001702,V0148,45430.38,0.00,2023-04-11
APP0000869,PAY000844,INV001762,V0148,29955.57,0.00,2023-06-20
APP0000870,PAY000845,INV000953,V0148,26529.31,0.00,2023-11-07
APP0000871,PAY000846,INV000978,V0148,198455.91,0.00,2024-01-02
APP0000872,PAY000847,INV000472,V0148,868.43,0.00,2024-02-13
APP0000873,PAY000848,INV000905,V0148,27238.80,0.00,2024-09-03
APP0000874,PAY000849,INV000977,V0148,88655.59,0.00,2025-04-15
APP0000875,PAY000850,INV001813,V0149,105715.58,0.00,2022-03-22
APP0000876,PAY000851,INV000056,V0149,54691.96,0.00,2023-01-31
APP0000877,PAY000852,INV001107,V0149,23641.81,0.00,2023-08-08
APP0000878,PAY000853,INV001475,V0149,21820.93,0.00,2024-08-13
APP0000879,PAY000854,INV000808,V0149,79878.82,0.00,2024-12-10
APP0000880,PAY000855,INV001653,V0150,198.48,0.00,2023-02-02
APP0000881,PAY000856,INV001137,V0150,603.29,0.00,2023-06-13
APP0000882,PAY000857,INV001227,V0150,475.10,0.00,2025-01-14
APP0000883,PAY000858,INV001943,V0150,283.55,0.00,2025-01-28
APP0000884,PAY000859,INV000458,V0150,1596.08,0.00,2025-02-25
APP0000885,PAY000860,INV000904,V0151,6334.34,0.00,2022-03-15
APP0000886,PAY000861,INV001022,V0151,58037.11,0.00,2022-04-12
APP0000887,PAY000862,INV000609,V0151,4695.59,0.00,2022-08-23
APP0000888,PAY000863,INV001267,V0151,229622.65,0.00,2022-11-08
APP0000889,PAY000864,INV000862,V0151,68735.21,0.00,2022-11-15
APP0000890,PAY000865,INV001833,V0151,11149.75,0.00,2023-01-26
APP0000891,PAY000866,INV000916,V0151,12559.21,0.00,2023-11-14
APP0000892,PAY000867,INV001179,V0151,72063.19,0.00,2024-06-25
APP0000893,PAY000868,INV001219,V0151,29983.62,0.00,2024-09-17
APP0000894,PAY000869,INV001921,V0152,9634.56,97.32,2022-06-02
APP0000895,PAY000870,INV000811,V0152,24613.35,248.62,2022-08-02
APP0000896,PAY000871,INV001366,V0152,41026.46,414.41,2022-10-27
APP0000897,PAY000872,INV001254,V0152,20271.54,204.76,2023-04-18
APP0000898,PAY000873,INV000167,V0152,11353.10,114.68,2023-09-19
APP0000899,PAY000874,INV001082,V0152,8487.99,85.74,2023-11-21
APP0000900,PAY000875,INV000095,V0152,22194.19,224.18,2024-10-31
APP0000901,PAY000876,INV000942,V0152,36313.97,366.81,2025-01-07
APP0000902,PAY000877,INV001606,V0152,172688.86,1744.33,2025-01-28
APP0000903,PAY000878,INV001055,V0152,42502.12,429.31,2025-06-23
APP0000904,PAY000879,INV000237,V0153,140462.90,0.00,2022-11-24
APP0000905,PAY000880,INV001786,V0153,94457.95,0.00,2023-01-31
APP0000906,PAY000881,INV000526,V0153,125244.35,0.00,2023-05-09
APP0000907,PAY000882,INV000072,V0153,73379.22,0.00,2023-07-04
APP0000908,PAY000883,INV000866,V0153,20979.41,0.00,2023-08-15
APP0000909,PAY000884,INV000383,V0153,23587.08,0.00,2024-01-02
APP0000910,PAY000885,INV001961,V0153,242497.39,0.00,2024-10-15
APP0000911,PAY000886,INV001608,V0154,6403.55,0.00,2022-02-22
APP0000912,PAY000887,INV000557,V0154,14516.77,0.00,2023-06-29
APP0000913,PAY000888,INV000147,V0154,520.29,0.00,2024-07-16
APP0000914,PAY000889,INV000922,V0154,3850.04,0.00,2025-01-30
APP0000915,PAY000890,INV000639,V0154,6276.35,0.00,2025-05-20
APP0000916,PAY000891,INV001827,V0154,2811.87,0.00,2025-06-23
APP0000917,PAY000892,INV000540,V0155,186057.83,0.00,2022-11-03
APP0000918,PAY000893,INV000640,V0155,21622.42,0.00,2023-01-10
APP0000919,PAY000893,INV001419,V0155,116896.31,0.00,2023-01-10
APP0000920,PAY000894,INV000950,V0155,159516.15,0.00,2023-03-21
APP0000921,PAY000895,INV000732,V0155,26015.44,0.00,2024-01-23
APP0000922,PAY000896,INV001400,V0155,29714.53,0.00,2024-10-01
APP0000923,PAY000897,INV000742,V0156,12569.37,0.00,2022-09-27
APP0000924,PAY000898,INV000088,V0156,1216.96,0.00,2022-12-20
APP0000925,PAY000899,INV000541,V0156,6881.79,0.00,2023-02-16
APP0000926,PAY000900,INV000796,V0156,1659.02,0.00,2024-04-16
APP0000927,PAY000901,INV000606,V0156,1188.55,0.00,2024-07-02
APP0000928,PAY000902,INV000365,V0156,703.23,0.00,2025-02-20
APP0000929,PAY000903,INV000218,V0157,11836.98,0.00,2022-10-04
APP0000930,PAY000904,INV001202,V0157,16089.28,0.00,2022-12-01
APP0000931,PAY000905,INV001266,V0157,14133.95,0.00,2023-02-14
APP0000932,PAY000906,INV001889,V0157,6313.32,0.00,2023-09-05
APP0000933,PAY000907,INV001136,V0157,1665.39,0.00,2023-10-24
APP0000934,PAY000908,INV001032,V0157,6718.28,0.00,2024-05-14
APP0000935,PAY000909,INV000692,V0157,4753.91,0.00,2024-11-26
APP0000936,PAY000910,INV001871,V0157,24781.90,0.00,2025-02-18
APP0000937,PAY000911,INV001715,V0157,14451.37,0.00,2025-02-25
APP0000938,PAY000912,INV000266,V0157,1134.52,0.00,2025-03-13
APP0000939,PAY000913,INV001279,V0158,2350.56,0.00,2022-03-29
APP0000940,PAY000914,INV001319,V0158,1049.86,0.00,2022-06-21
APP0000941,PAY000915,INV000887,V0158,724.91,0.00,2022-07-19
APP0000942,PAY000916,INV001503,V0158,3882.02,0.00,2022-08-23
APP0000943,PAY000917,INV001792,V0158,9087.64,0.00,2023-08-24
APP0000944,PAY000918,INV000435,V0158,971.48,0.00,2023-09-05
APP0000945,PAY000919,INV000621,V0158,993.14,0.00,2024-04-23
APP0000946,PAY000920,INV001623,V0158,8850.72,0.00,2024-04-30
APP0000947,PAY000921,INV001853,V0158,16763.01,0.00,2025-06-23
APP0000948,PAY000922,INV001727,V0161,262650.62,0.00,2022-03-31
APP0000949,PAY000923,INV001676,V0161,151766.85,0.00,2023-12-21
APP0000950,PAY000924,INV001009,V0161,280788.53,0.00,2024-04-30
APP0000951,PAY000925,INV000661,V0161,170325.87,0.00,2024-05-16
APP0000952,PAY000926,INV000527,V0161,23060.70,0.00,2024-06-11
APP0000953,PAY000927,INV001544,V0161,89314.43,0.00,2024-12-03
APP0000954,PAY000928,INV000212,V0161,10506.45,0.00,2025-04-01
APP0000955,PAY000929,INV000909,V0161,44027.29,0.00,2025-06-23
APP0000956,PAY000930,INV001940,V0162,12093.97,0.00,2023-04-11
APP0000957,PAY000931,INV001159,V0163,57268.01,0.00,2022-08-16
APP0000958,PAY000932,INV000832,V0163,12318.09,0.00,2022-12-29
APP0000959,PAY000933,INV000467,V0163,224444.32,0.00,2023-09-21
APP0000960,PAY000934,INV000792,V0163,155436.90,0.00,2024-06-11
APP0000961,PAY000935,INV001629,V0163,196231.10,0.00,2024-06-27
APP0000962,PAY000936,INV000633,V0163,215393.42,0.00,2025-02-11
APP0000963,PAY000937,INV001910,V0163,27776.76,0.00,2025-06-23
APP0000964,PAY000938,INV000259,V0164,91470.99,0.00,2023-05-30
APP0000965,PAY000939,INV000544,V0165,15970.02,0.00,2022-09-06
APP0000966,PAY000940,INV001528,V0165,3392.58,0.00,2022-12-27
APP0000967,PAY000941,INV001190,V0165,12981.19,0.00,2024-12-10
APP0000968,PAY000942,INV001615,V0165,14067.22,0.00,2025-02-18
APP0000969,PAY000943,INV000004,V0165,25000.00,0.00,2025-06-23
APP0000970,PAY000944,INV001257,V0167,37313.22,0.00,2023-07-06
APP0000971,PAY000945,INV000012,V0167,212251.09,0.00,2024-04-30
APP0000972,PAY000946,INV001554,V0167,38335.61,0.00,2024-05-14
APP0000973,PAY000947,INV001103,V0167,65101.85,0.00,2024-12-19
APP0000974,PAY000948,INV001342,V0167,30171.85,0.00,2025-01-28
APP0000975,PAY000949,INV000150,V0167,2447.49,0.00,2025-02-11
APP0000976,PAY000950,INV001809,V0167,185814.37,0.00,2025-04-29
APP0000977,PAY000951,INV000009,V0168,18030.49,0.00,2022-03-29
APP0000978,PAY000952,INV001973,V0168,106825.47,0.00,2022-05-10
APP0000979,PAY000953,INV000173,V0168,63720.80,0.00,2022-06-21
APP0000980,PAY000954,INV000750,V0168,10262.78,0.00,2023-12-26
APP0000981,PAY000955,INV001846,V0168,685.97,0.00,2024-11-14
APP0000982,PAY000956,INV001589,V0168,18033.63,0.00,2025-03-18
APP0000983,PAY000957,INV000649,V0169,238.34,2.41,2022-04-28
APP0000984,PAY000958,INV001188,V0169,13366.85,135.02,2022-08-11
APP0000985,PAY000959,INV001720,V0169,90411.04,913.24,2022-09-06
APP0000986,PAY000960,INV000930,V0169,53478.23,540.18,2024-01-09
APP0000987,PAY000961,INV000385,V0169,35026.31,353.80,2024-01-25
APP0000988,PAY000962,INV001761,V0169,22078.75,223.02,2025-06-03
APP0000989,PAY000963,INV001877,V0170,22895.75,0.00,2023-09-12
APP0000990,PAY000964,INV001153,V0170,19561.27,0.00,2023-10-10
APP0000991,PAY000965,INV000497,V0170,81037.35,0.00,2024-01-04
APP0000992,PAY000966,INV001045,V0170,224970.70,0.00,2024-02-22
APP0000993,PAY000967,INV000967,V0170,58166.28,0.00,2024-03-07
APP0000994,PAY000968,INV001077,V0170,78791.93,0.00,2024-07-11
APP0000995,PAY000969,INV001886,V0171,250000.00,0.00,2022-03-08
APP0000996,PAY000970,INV000324,V0171,27373.46,0.00,2022-09-27
APP0000997,PAY000971,INV000156,V0171,16860.26,0.00,2023-01-10
APP0000998,PAY000972,INV001006,V0171,16468.65,0.00,2024-01-30
APP0000999,PAY000973,INV001331,V0171,113305.66,0.00,2024-03-26
APP0001000,PAY000974,INV000120,V0171,22324.72,0.00,2024-09-24
APP0001001,PAY000975,INV001609,V0171,46444.13,0.00,2025-03-20
APP0001002,PAY000976,INV000892,V0172,3296.50,0.00,2022-11-22
APP0001003,PAY000977,INV001225,V0172,355.68,0.00,2023-04-04
APP0001004,PAY000978,INV001264,V0172,2205.61,0.00,2023-05-30
APP0001005,PAY000978,INV001793,V0172,671.96,0.00,2023-05-30
APP0001006,PAY000979,INV000917,V0172,281.66,0.00,2023-12-05
APP0001007,PAY000980,INV001776,V0172,843.05,0.00,2023-12-12
APP0001008,PAY000981,INV000724,V0172,668.15,0.00,2024-01-09
APP0001009,PAY000982,INV001344,V0172,1910.92,0.00,2024-04-09
APP0001010,PAY000983,INV000963,V0172,1173.02,0.00,2024-12-10
APP0001011,PAY000984,INV000125,V0172,282.49,0.00,2025-03-04
APP0001012,PAY000985,INV001492,V0173,41955.64,0.00,2022-02-22
APP0001013,PAY000985,INV001741,V0173,1843.36,0.00,2022-02-22
APP0001014,PAY000986,INV000973,V0173,69116.20,0.00,2022-06-30
APP0001015,PAY000987,INV001061,V0173,55584.52,0.00,2023-01-17
APP0001016,PAY000988,INV000919,V0173,24307.27,0.00,2023-06-08
APP0001017,PAY000989,INV000911,V0173,91964.86,0.00,2023-07-25
APP0001018,PAY000990,INV000822,V0173,3022.71,0.00,2024-01-02
APP0001019,PAY000991,INV001217,V0173,95356.54,0.00,2024-01-18
APP0001020,PAY000992,INV001844,V0173,5624.63,0.00,2025-01-28
APP0001021,PAY000993,INV000856,V0174,115303.09,0.00,2023-02-28
APP0001022,PAY000994,INV000561,V0175,23872.67,0.00,2022-12-15
APP0001023,PAY000995,INV001187,V0176,820.90,0.00,2022-02-15
APP0001024,PAY000996,INV000076,V0176,1241.22,0.00,2022-03-29
APP0001025,PAY000997,INV001000,V0176,817.16,0.00,2022-09-08
APP0001026,PAY000998,INV001806,V0176,130.81,0.00,2022-10-25
APP0001027,PAY000999,INV000217,V0176,148.53,0.00,2023-06-29
APP0001028,PAY001000,INV000981,V0176,280.16,0.00,2024-01-25
APP0001029,PAY001001,INV000718,V0176,1869.21,0.00,2024-05-14
APP0001030,PAY001002,INV000412,V0177,44361.82,0.00,2022-12-27
APP0001031,PAY001002,INV000567,V0177,30032.95,0.00,2022-12-27
APP0001032,PAY001003,INV000596,V0177,54328.61,0.00,2023-01-26
APP0001033,PAY001004,INV001900,V0177,462.56,0.00,2023-03-09
APP0001034,PAY001005,INV000346,V0177,7890.46,0.00,2023-08-15
APP0001035,PAY001006,INV001460,V0177,82462.86,0.00,2023-08-29
APP0001036,PAY001007,INV000170,V0177,6162.63,0.00,2023-12-28
APP0001037,PAY001008,INV000735,V0177,21732.31,0.00,2024-08-13
APP0001038,PAY001009,INV000537,V0177,36087.09,0.00,2024-11-12
APP0001039,PAY001010,INV001743,V0177,20884.97,0.00,2025-04-15
APP0001040,PAY001011,INV001858,V0179,11843.17,0.00,2023-01-05
APP0001041,PAY001012,INV001409,V0179,5920.04,0.00,2023-06-20
APP0001042,PAY001013,INV001288,V0179,12837.14,0.00,2023-10-03
APP0001043,PAY001014,INV000523,V0179,923.55,0.00,2023-11-28
APP0001044,PAY001015,INV000923,V0179,2556.84,0.00,2024-02-27
APP0001045,PAY001016,INV000781,V0179,4005.67,0.00,2024-08-13
APP0001046,PAY001017,INV001578,V0179,754.00,0.00,2025-06-23
APP0001047,PAY001018,INV001029,V0180,133773.82,0.00,2022-03-22
APP0001048,PAY001019,INV000872,V0180,8678.70,0.00,2022-11-24
APP0001049,PAY001020,INV001601,V0180,73128.23,0.00,2023-05-09
APP0001050,PAY001021,INV001929,V0180,7395.44,0.00,2023-10-03
APP0001051,PAY001022,INV000332,V0180,4480.11,0.00,2024-02-22
APP0001052,PAY001023,INV000703,V0180,31805.28,0.00,2024-05-21
APP0001053,PAY001024,INV001414,V0180,4589.29,0.00,2025-05-08
APP0001054,PAY001025,INV001313,V0180,63859.10,0.00,2025-05-22
APP0001055,PAY001026,INV001810,V0181,6305.73,0.00,2022-05-31
APP0001056,PAY001027,INV000250,V0181,169501.41,0.00,2022-08-16
APP0001057,PAY001028,INV001854,V0181,8122.00,0.00,2022-09-13
APP0001058,PAY001029,INV000843,V0181,77891.63,0.00,2023-10-03
APP0001059,PAY001030,INV001417,V0181,16332.43,0.00,2024-07-11
APP0001060,PAY001031,INV001677,V0181,14959.98,0.00,2024-10-29
APP0001061,PAY001032,INV001981,V0181,48324.54,0.00,2024-11-19
APP0001062,PAY001033,INV000528,V0181,7226.05,0.00,2025-06-23
APP0001063,PAY001034,INV000240,V0182,170293.38,1720.14,2023-03-28
APP0001064,PAY001035,INV000322,V0182,2330.06,23.54,2023-05-23
APP0001065,PAY001036,INV001185,V0182,9643.17,97.41,2024-01-02
APP0001066,PAY001037,INV001360,V0182,12655.80,127.84,2024-06-13
APP0001067,PAY001038,INV001338,V0182,1496.82,15.12,2024-08-27
APP0001068,PAY001039,INV001986,V0182,86859.46,877.37,2024-12-31
APP0001069,PAY001040,INV001736,V0182,65004.15,656.61,2025-02-27
APP0001070,PAY001041,INV000870,V0182,35370.05,357.27,2025-06-23
APP0001071,PAY001042,INV000361,V0183,78634.45,1604.78,2022-03-01
APP0001072,PAY001043,INV000292,V0183,492.35,10.05,2022-11-22
APP0001073,PAY001044,INV000055,V0183,9822.91,200.47,2022-12-27
APP0001074,PAY001045,INV000931,V0183,23317.54,475.87,2023-01-05
APP0001075,PAY001046,INV001020,V0183,36112.92,737.00,2023-05-18
APP0001076,PAY001047,INV000014,V0183,39634.87,808.88,2024-01-09
APP0001077,PAY001048,INV000701,V0183,65569.98,1338.16,2024-06-11
APP0001078,PAY001049,INV000238,V0183,78043.28,1592.72,2025-04-08
APP0001079,PAY001050,INV000161,V0183,127021.79,2592.28,2025-05-13
APP0001080,PAY001051,INV001710,V0183,43359.63,884.89,2025-06-23
APP0001081,PAY001052,INV000673,V0184,50865.75,0.00,2022-02-01
APP0001082,PAY001053,INV001514,V0184,31243.40,0.00,2022-04-19
APP0001083,PAY001054,INV000069,V0184,2168.21,0.00,2022-05-26
APP0001084,PAY001055,INV001759,V0184,66208.87,0.00,2022-08-25
APP0001085,PAY001056,INV000432,V0184,20091.79,0.00,2023-11-07
APP0001086,PAY001057,INV001367,V0184,34902.45,0.00,2024-10-01
APP0001087,PAY001058,INV000230,V0184,79975.57,0.00,2024-12-31
APP0001088,PAY001059,INV001178,V0184,3630.53,0.00,2025-03-11
APP0001089,PAY001060,INV001122,V0184,138393.59,0.00,2025-05-13
APP0001090,PAY001061,INV000663,V0185,85442.21,0.00,2023-06-06
APP0001091,PAY001062,INV000186,V0185,57841.63,0.00,2023-08-01
APP0001092,PAY001063,INV000495,V0185,62878.90,0.00,2024-08-22
APP0001093,PAY001064,INV000050,V0185,140305.36,0.00,2025-05-08
APP0001094,PAY001065,INV001843,V0186,26522.66,0.00,2022-05-05
APP0001095,PAY001066,INV000257,V0186,28849.75,0.00,2022-11-10
APP0001096,PAY001067,INV001418,V0186,30564.37,0.00,2023-01-19
APP0001097,PAY001068,INV001611,V0186,61939.13,0.00,2023-07-11
APP0001098,PAY001069,INV001845,V0186,35499.49,0.00,2023-10-24
APP0001099,PAY001070,INV001170,V0186,1040.82,0.00,2024-03-12
APP0001100,PAY001071,INV001272,V0186,16731.95,0.00,2024-05-28
APP0001101,PAY001072,INV001709,V0186,40489.74,0.00,2024-10-24
APP0001102,PAY001073,INV000111,V0186,12412.84,0.00,2025-02-06
APP0001103,PAY001074,INV000539,V0187,9626.08,0.00,2022-03-01
APP0001104,PAY001075,INV000660,V0187,1192.41,0.00,2022-09-27
APP0001105,PAY001076,INV001035,V0187,19317.20,0.00,2023-01-10
APP0001106,PAY001077,INV001812,V0187,9881.89,0.00,2023-02-28
APP0001107,PAY001078,INV000444,V0187,8833.44,0.00,2023-03-28
APP0001108,PAY001079,INV001388,V0187,3131.92,0.00,2023-07-11
APP0001109,PAY001080,INV001635,V0187,2373.37,0.00,2024-01-23
APP0001110,PAY001081,INV000899,V0187,1574.36,0.00,2025-06-17
APP0001111,PAY001082,INV000038,V0187,1696.31,0.00,2025-06-23
APP0001112,PAY001082,INV001494,V0187,14050.89,0.00,2025-06-23
APP0001113,PAY001083,INV001162,V0188,50899.22,0.00,2022-02-17
APP0001114,PAY001084,INV001041,V0188,11853.23,0.00,2022-09-22
APP0001115,PAY001085,INV001680,V0188,10272.02,0.00,2023-07-20
APP0001116,PAY001086,INV000676,V0188,52435.05,0.00,2023-12-12
APP0001117,PAY001087,INV000820,V0188,110521.98,0.00,2024-02-20
APP0001118,PAY001088,INV000129,V0188,11973.62,0.00,2024-07-09
APP0001119,PAY001089,INV000571,V0188,13863.13,0.00,2024-07-25
APP0001120,PAY001090,INV001513,V0188,3353.19,0.00,2025-03-25
APP0001121,PAY001091,INV000662,V0188,8417.30,0.00,2025-04-29
APP0001122,PAY001092,INV001260,V0188,11492.26,0.00,2025-05-08
APP0001123,PAY001093,INV001564,V0189,30248.82,617.32,2023-01-31
APP0001124,PAY001094,INV001771,V0189,132064.66,2695.20,2023-09-07
APP0001125,PAY001095,INV000137,V0189,39334.94,802.75,2023-10-17
APP0001126,PAY001096,INV000844,V0189,12030.86,245.53,2024-03-28
APP0001127,PAY001097,INV000980,V0189,40746.11,831.55,2024-04-02
APP0001128,PAY001098,INV000046,V0189,82911.04,1692.06,2025-02-04
APP0001129,PAY001099,INV000636,V0190,454.75,0.00,2023-12-05
APP0001130,PAY001100,INV001935,V0191,1015.91,0.00,2022-02-17
APP0001131,PAY001101,INV000255,V0191,1244.88,0.00,2022-03-01
APP0001132,PAY001102,INV001802,V0191,2620.07,0.00,2023-02-07
APP0001133,PAY001103,INV000525,V0191,1215.35,0.00,2023-05-23
APP0001134,PAY001104,INV001968,V0191,3547.79,0.00,2023-12-05
APP0001135,PAY001105,INV000367,V0191,4542.43,0.00,2023-12-19
APP0001136,PAY001106,INV000092,V0191,707.87,0.00,2024-01-30
APP0001137,PAY001107,INV000780,V0191,1353.86,0.00,2024-03-19
APP0001138,PAY001108,INV000836,V0191,637.82,0.00,2024-06-04
APP0001139,PAY001109,INV001265,V0191,1144.76,0.00,2025-01-02
APP0001140,PAY001110,INV000219,V0193,936.78,0.00,2022-08-25
APP0001141,PAY001111,INV000117,V0193,53578.72,0.00,2023-09-05
APP0001142,PAY001112,INV000096,V0193,52092.26,0.00,2024-03-14
APP0001143,PAY001112,INV000865,V0193,69765.11,0.00,2024-03-14
APP0001144,PAY001113,INV001965,V0193,31378.33,0.00,2024-04-04
APP0001145,PAY001114,INV000400,V0193,111813.10,0.00,2024-12-17
APP0001146,PAY001115,INV000267,V0193,26690.32,0.00,2025-02-04
APP0001147,PAY001116,INV000134,V0193,37455.07,0.00,2025-06-23
APP0001148,PAY001117,INV000940,V0194,1002.24,0.00,2022-02-22
APP0001149,PAY001118,INV001852,V0194,323.74,0.00,2022-07-05
APP0001150,PAY001119,INV001768,V0194,504.95,0.00,2022-08-18
APP0001151,PAY001120,INV001978,V0194,178.59,0.00,2022-08-25
APP0001152,PAY001121,INV000372,V0194,496.68,0.00,2022-10-18
APP0001153,PAY001122,INV000747,V0194,109.87,0.00,2022-12-13
APP0001154,PAY001123,INV001574,V0194,717.20,0.00,2023-03-23
APP0001155,PAY001124,INV001998,V0194,982.38,0.00,2023-06-27
APP0001156,PAY001125,INV000719,V0194,1272.75,0.00,2023-10-03
APP0001157,PAY001126,INV001070,V0194,459.65,0.00,2024-01-09
APP0001158,PAY001127,INV000241,V0194,147.05,0.00,2024-05-16
APP0001159,PAY001128,INV001688,V0194,92.82,0.00,2024-12-12
APP0001160,PAY001129,INV001783,V0194,597.35,0.00,2025-01-09
APP0001161,PAY001130,INV000627,V0194,106.74,0.00,2025-05-13
APP0001162,PAY001131,INV000549,V0195,396.76,0.00,2022-07-07
APP0001163,PAY001132,INV000381,V0195,8079.39,0.00,2023-10-03
APP0001164,PAY001133,INV000080,V0195,33372.11,0.00,2023-10-10
APP0001165,PAY001134,INV001687,V0195,76133.56,0.00,2024-05-07
APP0001166,PAY001135,INV001347,V0195,1389.78,0.00,2024-07-04
APP0001167,PAY001136,INV002000,V0195,2691.15,0.00,2024-07-16
APP0001168,PAY001137,INV001465,V0195,30206.84,0.00,2024-10-24
APP0001169,PAY001138,INV001837,V0195,17675.10,0.00,2024-12-12
APP0001170,PAY001139,INV000107,V0195,72896.18,0.00,2025-06-23
APP0001171,PAY001140,INV001560,V0196,478.43,0.00,2022-03-24
APP0001172,PAY001141,INV001895,V0196,2298.90,0.00,2022-12-08
APP0001173,PAY001142,INV001639,V0196,1111.08,0.00,2023-06-13
APP0001174,PAY001143,INV000041,V0196,2018.43,0.00,2023-06-20
APP0001175,PAY001144,INV000801,V0196,616.45,0.00,2023-08-08
APP0001176,PAY001145,INV000474,V0196,2554.91,0.00,2024-08-27
APP0001177,PAY001146,INV000619,V0196,811.40,0.00,2024-10-24
APP0001178,PAY001147,INV000789,V0196,2914.02,0.00,2024-11-05
APP0001179,PAY001148,INV000098,V0196,533.48,0.00,2025-01-07
APP0001180,PAY001149,INV001064,V0196,151.65,0.00,2025-02-18
APP0001181,PAY001150,INV001142,V0196,364.80,0.00,2025-02-25
APP0001182,PAY001150,INV001436,V0196,58.17,0.00,2025-02-25
APP0001183,PAY001151,INV001034,V0196,256.84,0.00,2025-04-08
APP0001184,PAY001152,INV001912,V0196,611.20,0.00,2025-04-29
APP0001185,PAY001153,INV000812,V0197,402.43,0.00,2024-05-30
APP0001186,PAY001154,INV000085,V0198,814.23,0.00,2022-06-07
APP0001187,PAY001155,INV001369,V0198,118.79,0.00,2022-06-21
APP0001188,PAY001156,INV001332,V0198,699.37,0.00,2022-09-27
APP0001189,PAY001157,INV000068,V0198,580.85,0.00,2022-12-22
APP0001190,PAY001158,INV001299,V0198,231.64,0.00,2023-04-18
APP0001191,PAY001159,INV001697,V0198,180.76,0.00,2023-05-25
APP0001192,PAY001160,INV000231,V0198,1087.60,0.00,2024-07-23
APP0001193,PAY001161,INV000863,V0198,457.37,0.00,2024-09-03
APP0001194,PAY001162,INV001487,V0198,209.32,0.00,2025-05-20
APP0001195,PAY001163,INV001213,V0199,8003.85,0.00,2022-05-17
APP0001196,PAY001163,INV001788,V0199,3953.10,0.00,2022-05-17
APP0001197,PAY001164,INV000359,V0199,1955.38,0.00,2022-06-07
APP0001198,PAY001165,INV000313,V0199,1592.17,0.00,2022-06-30
APP0001199,PAY001166,INV001664,V0199,7587.78,0.00,2023-06-08
APP0001200,PAY001167,INV001425,V0199,2006.54,0.00,2025-03-25
APP0001201,PAY001168,INV000023,V0092,1335.16,0.00,2024-06-17
APP0001202,PAY001169,INV000030,V0193,7923.74,0.00,2023-09-26
APP0001203,PAY001170,INV000040,V0158,3943.22,0.00,2024-06-14
APP0001204,PAY001171,INV000048,V0196,693.81,0.00,2023-10-12
APP0001205,PAY001172,INV000049,V0143,3621.08,0.00,2023-11-13
APP0001206,PAY001173,INV000075,V0118,83612.24,0.00,2025-05-14
APP0001207,PAY001174,INV000081,V0050,901.43,0.00,2025-01-21
APP0001208,PAY001175,INV000083,V0051,5589.33,0.00,2022-08-31
APP0001209,PAY001176,INV000087,V0144,17972.35,0.00,2023-07-14
APP0001210,PAY001177,INV000114,V0191,279.39,0.00,2022-02-09
APP0001211,PAY001178,INV000116,V0022,748.75,0.00,2025-02-22
APP0001212,PAY001179,INV000136,V0024,31402.76,0.00,2025-01-17
APP0001213,PAY001180,INV000138,V0083,3103.58,0.00,2025-06-30
APP0001214,PAY001181,INV000158,V0182,3418.86,0.00,2023-09-23
APP0001215,PAY001182,INV000164,V0136,1872.24,0.00,2022-05-29
APP0001216,PAY001183,INV000188,V0172,732.92,0.00,2025-02-10
APP0001217,PAY001184,INV000189,V0054,2613.27,0.00,2024-06-27
APP0001218,PAY001185,INV000200,V0091,9177.60,0.00,2024-02-13
APP0001219,PAY001186,INV000205,V0029,24052.56,0.00,2023-05-06
APP0001220,PAY001187,INV000206,V0117,1744.67,0.00,2024-11-05
APP0001221,PAY001188,INV000227,V0034,85388.15,0.00,2022-04-23
APP0001222,PAY001189,INV000242,V0099,34165.37,0.00,2023-01-05
APP0001223,PAY001190,INV000263,V0027,238.20,0.00,2025-06-30
APP0001224,PAY001191,INV000265,V0076,13607.86,0.00,2022-05-05
APP0001225,PAY001192,INV000278,V0005,319.48,0.00,2023-08-06
APP0001226,PAY001193,INV000280,V0106,16043.63,0.00,2025-03-24
APP0001227,PAY001194,INV000304,V0074,51094.92,0.00,2022-05-25
APP0001228,PAY001195,INV000307,V0188,8274.14,0.00,2022-11-22
APP0001229,PAY001196,INV000342,V0028,3170.79,0.00,2025-06-18
APP0001230,PAY001197,INV000347,V0189,541.16,0.00,2022-03-29
APP0001231,PAY001198,INV000350,V0123,1846.82,0.00,2022-05-04
APP0001232,PAY001199,INV000366,V0106,9357.94,0.00,2024-04-18
APP0001233,PAY001200,INV000371,V0118,17197.22,0.00,2024-04-04
APP0001234,PAY001201,INV000397,V0047,13444.04,0.00,2023-10-12
APP0001235,PAY001202,INV000399,V0165,4651.26,0.00,2025-04-09
APP0001236,PAY001203,INV000401,V0141,77987.32,0.00,2025-06-30
APP0001237,PAY001204,INV000420,V0089,34654.61,0.00,2023-06-10
APP0001238,PAY001205,INV000424,V0118,3095.13,0.00,2024-05-05
APP0001239,PAY001206,INV000441,V0193,52749.56,0.00,2022-02-23
APP0001240,PAY001207,INV000453,V0124,17809.04,0.00,2025-04-22
APP0001241,PAY001208,INV000456,V0136,785.63,0.00,2025-06-30
APP0001242,PAY001209,INV000462,V0044,153.47,0.00,2022-05-16
APP0001243,PAY001210,INV000480,V0113,240.56,0.00,2022-12-05
APP0001244,PAY001211,INV000503,V0023,5750.92,0.00,2024-06-18
APP0001245,PAY001212,INV000514,V0067,48.92,0.00,2024-05-04
APP0001246,PAY001213,INV000519,V0141,59641.12,0.00,2023-08-17
APP0001247,PAY001214,INV000552,V0128,30800.05,0.00,2025-01-27
APP0001248,PAY001215,INV000555,V0169,44604.70,0.00,2025-03-16
APP0001249,PAY001216,INV000616,V0127,204.71,0.00,2025-02-28
APP0001250,PAY001217,INV000631,V0148,32264.21,0.00,2024-07-26
APP0001251,PAY001218,INV000635,V0021,4642.70,0.00,2024-10-11
APP0001252,PAY001219,INV000646,V0185,51381.76,0.00,2024-05-06
APP0001253,PAY001220,INV000674,V0068,3587.92,0.00,2022-11-11
APP0001254,PAY001221,INV000686,V0021,1523.77,0.00,2023-08-29
APP0001255,PAY001222,INV000694,V0195,5360.29,0.00,2022-12-21
APP0001256,PAY001223,INV000704,V0193,82657.43,0.00,2023-05-26
APP0001257,PAY001224,INV000709,V0120,33282.49,0.00,2023-08-27
APP0001258,PAY001225,INV000711,V0081,1602.60,0.00,2023-02-13
APP0001259,PAY001226,INV000728,V0152,17313.44,0.00,2024-10-17
APP0001260,PAY001227,INV000729,V0106,6490.58,0.00,2022-09-04
APP0001261,PAY001228,INV000736,V0173,5502.21,0.00,2022-10-10
APP0001262,PAY001229,INV000745,V0014,22800.05,0.00,2022-03-18
APP0001263,PAY001230,INV000760,V0019,41166.15,0.00,2024-05-16
APP0001264,PAY001231,INV000765,V0044,376.48,0.00,2022-07-25
APP0001265,PAY001232,INV000787,V0170,16174.84,0.00,2024-08-23
APP0001266,PAY001233,INV000788,V0069,114.45,0.00,2022-03-26
APP0001267,PAY001234,INV000799,V0033,38628.31,0.00,2022-02-04
APP0001268,PAY001235,INV000837,V0198,76.70,0.00,2024-04-05
APP0001269,PAY001236,INV000845,V0129,1508.97,0.00,2022-11-14
APP0001270,PAY001237,INV000847,V0019,114617.31,0.00,2025-04-10
APP0001271,PAY001238,INV000885,V0158,4377.41,0.00,2023-02-12
APP0001272,PAY001239,INV000896,V0171,20261.28,0.00,2024-04-14
APP0001273,PAY001240,INV000898,V0063,44143.57,0.00,2022-03-15
APP0001274,PAY001241,INV000906,V0127,974.55,0.00,2024-02-14
APP0001275,PAY001242,INV000908,V0188,15093.70,0.00,2022-06-05
APP0001276,PAY001243,INV000912,V0035,80702.06,0.00,2024-01-07
APP0001277,PAY001244,INV000928,V0059,20708.16,0.00,2022-07-19
APP0001278,PAY001245,INV000945,V0177,96905.34,0.00,2022-08-27
APP0001279,PAY001246,INV000958,V0176,515.50,0.00,2024-03-09
APP0001280,PAY001247,INV000964,V0106,8449.10,0.00,2024-09-09
APP0001281,PAY001248,INV000982,V0124,49275.40,0.00,2024-03-21
APP0001282,PAY001249,INV000990,V0142,609.70,0.00,2022-06-28
APP0001283,PAY001250,INV000998,V0027,356.21,0.00,2023-03-09
APP0001284,PAY001251,INV001028,V0018,987.61,0.00,2023-10-01
APP0001285,PAY001252,INV001040,V0096,18913.87,0.00,2023-11-21
APP0001286,PAY001253,INV001065,V0129,374.33,0.00,2023-02-13
APP0001287,PAY001254,INV001076,V0188,183158.09,0.00,2024-02-13
APP0001288,PAY001255,INV001098,V0170,9915.74,0.00,2022-03-24
APP0001289,PAY001256,INV001111,V0194,668.10,0.00,2023-05-19
APP0001290,PAY001257,INV001123,V0079,32227.98,0.00,2023-01-21
APP0001291,PAY001258,INV001124,V0198,119.14,0.00,2022-03-02
APP0001292,PAY001259,INV001151,V0136,6660.67,0.00,2024-10-18
APP0001293,PAY001260,INV001160,V0053,18259.62,0.00,2023-05-08
APP0001294,PAY001261,INV001169,V0097,12693.10,0.00,2022-02-05
APP0001295,PAY001262,INV001181,V0023,31763.54,0.00,2022-12-16
APP0001296,PAY001263,INV001203,V0095,2611.25,0.00,2023-09-15
APP0001297,PAY001264,INV001212,V0189,233.18,0.00,2023-05-19
APP0001298,PAY001265,INV001245,V0136,4130.49,0.00,2024-12-06
APP0001299,PAY001266,INV001250,V0037,14058.94,0.00,2023-03-12
APP0001300,PAY001267,INV001256,V0091,2283.13,0.00,2022-10-12
APP0001301,PAY001268,INV001261,V0063,17129.94,0.00,2022-10-09
APP0001302,PAY001269,INV001304,V0034,2236.05,0.00,2024-03-23
APP0001303,PAY001270,INV001307,V0180,35507.82,0.00,2025-06-30
APP0001304,PAY001271,INV001310,V0085,1879.46,0.00,2024-01-18
APP0001305,PAY001272,INV001317,V0171,13699.34,0.00,2024-08-31
APP0001306,PAY001273,INV001318,V0195,14762.61,0.00,2024-03-29
APP0001307,PAY001274,INV001329,V0036,40156.06,0.00,2023-12-12
APP0001308,PAY001275,INV001361,V0061,7936.96,0.00,2022-03-22
APP0001309,PAY001276,INV001372,V0194,46.76,0.00,2022-11-04
APP0001310,PAY001277,INV001386,V0052,11156.11,0.00,2023-07-04
APP0001311,PAY001278,INV001387,V0187,1984.78,0.00,2022-05-24
APP0001312,PAY001279,INV001404,V0139,27672.71,0.00,2025-03-13
APP0001313,PAY001280,INV001410,V0033,2475.11,0.00,2024-11-20
APP0001314,PAY001281,INV001415,V0073,73893.56,0.00,2024-10-06
APP0001315,PAY001282,INV001424,V0063,2243.73,0.00,2023-07-25
APP0001316,PAY001283,INV001426,V0194,590.92,0.00,2022-10-29
APP0001317,PAY001284,INV001429,V0199,3033.06,0.00,2023-11-14
APP0001318,PAY001285,INV001441,V0010,3323.39,0.00,2025-04-23
APP0001319,PAY001286,INV001449,V0122,61684.04,0.00,2022-03-01
APP0001320,PAY001287,INV001452,V0182,26239.90,0.00,2022-03-06
APP0001321,PAY001288,INV001454,V0054,13530.67,0.00,2024-12-22
APP0001322,PAY001289,INV001455,V0177,21299.98,0.00,2024-05-05
APP0001323,PAY001290,INV001463,V0010,10398.27,0.00,2023-03-22
APP0001324,PAY001291,INV001472,V0128,142356.10,0.00,2024-12-20
APP0001325,PAY001292,INV001482,V0189,1893.27,0.00,2022-09-05
APP0001326,PAY001293,INV001488,V0185,139165.25,0.00,2023-03-17
APP0001327,PAY001294,INV001495,V0196,170.52,0.00,2025-03-10
APP0001328,PAY001295,INV001499,V0053,32162.84,0.00,2022-04-17
APP0001329,PAY001296,INV001501,V0076,5144.03,0.00,2023-03-03
APP0001330,PAY001297,INV001518,V0141,17593.29,0.00,2023-02-18
APP0001331,PAY001298,INV001522,V0080,10537.97,0.00,2022-12-28
APP0001332,PAY001299,INV001531,V0042,524.06,0.00,2023-01-29
APP0001333,PAY001300,INV001532,V0157,2766.18,0.00,2022-03-03
APP0001334,PAY001301,INV001545,V0043,55880.14,0.00,2024-06-04
APP0001335,PAY001302,INV001594,V0097,33765.93,0.00,2023-09-25
APP0001336,PAY001303,INV001602,V0065,427.95,0.00,2023-03-29
APP0001337,PAY001304,INV001621,V0021,831.28,0.00,2024-06-01
APP0001338,PAY001305,INV001641,V0078,68658.27,0.00,2025-04-21
APP0001339,PAY001306,INV001659,V0134,5574.54,0.00,2024-09-22
APP0001340,PAY001307,INV001670,V0036,9208.00,0.00,2023-01-07
APP0001341,PAY001308,INV001681,V0199,1459.63,0.00,2022-09-17
APP0001342,PAY001309,INV001691,V0032,1802.66,0.00,2023-03-24
APP0001343,PAY001310,INV001716,V0198,77.90,0.00,2024-11-05
APP0001344,PAY001311,INV001742,V0105,11933.30,0.00,2024-05-18
APP0001345,PAY001312,INV001796,V0137,38350.62,0.00,2023-01-22
APP0001346,PAY001313,INV001798,V0121,4923.61,0.00,2023-10-31
APP0001347,PAY001314,INV001799,V0199,949.90,0.00,2024-12-20
APP0001348,PAY001315,INV001823,V0136,313.01,0.00,2023-08-08
APP0001349,PAY001316,INV001869,V0097,23250.61,0.00,2024-06-01
APP0001350,PAY001317,INV001878,V0123,85856.03,0.00,2024-11-23
APP0001351,PAY001318,INV001898,V0084,6497.95,0.00,2024-09-22
APP0001352,PAY001319,INV001904,V0081,917.40,0.00,2025-06-14
APP0001353,PAY001320,INV001908,V0044,49.08,0.00,2025-05-11
APP0001354,PAY001321,INV001911,V0094,104.24,0.00,2022-04-08
APP0001355,PAY001322,INV001938,V0113,590.65,0.00,2024-12-31
APP0001356,PAY001323,INV001942,V0118,366.21,0.00,2023-06-27
APP0001357,PAY001324,INV001972,V0052,11116.57,0.00,2025-02-10
APP0001358,PAY001325,INV001985,V0049,305.44,0.00,2024-10-09
APP0001359,PAY001326,INV001991,V0081,5491.87,0.00,2024-09-06
APP0001360,PAY001327,INV001993,V0042,232.57,0.00,2024-07-19
